timestamp,device_id,load,temperature,vibration,pressure,anomaly,next_temperature
2026-01-01 00:00:00,sensor-00,0.70681,47.8418,0.81664,99.9716,1,41.70353
2026-01-01 00:05:00,sensor-00,0.85341,41.70353,0.55645,99.75232,0,41.3814
2026-01-01 00:10:00,sensor-00,0.83977,41.3814,0.55189,99.76493,0,41.49939
2026-01-01 00:15:00,sensor-00,0.7671,41.49939,0.49698,100.03475,0,43.41212
2026-01-01 00:20:00,sensor-00,0.95859,43.41212,0.58873,99.36403,0,43.02513
2026-01-01 00:25:00,sensor-00,0.92462,43.02513,0.5923,99.54226,0,41.92904
2026-01-01 00:30:00,sensor-00,0.80549,41.92904,0.49633,99.70146,0,42.63249
2026-01-01 00:35:00,sensor-00,0.90416,42.63249,0.53119,100.13322,0,43.35107
2026-01-01 00:40:00,sensor-00,0.98654,43.35107,0.62915,99.44454,0,41.33593
2026-01-01 00:45:00,sensor-00,0.77194,41.33593,0.48477,99.73314,0,39.69762
2026-01-01 00:50:00,sensor-00,0.68499,39.69762,0.51296,99.96022,0,40.93208
2026-01-01 00:55:00,sensor-00,0.72918,40.93208,0.4618,100.39328,0,40.41261
2026-01-01 01:00:00,sensor-00,0.64457,40.41261,0.4279,100.37142,0,39.67058
2026-01-01 01:05:00,sensor-00,0.63248,39.67058,0.42356,100.17186,0,39.39239
2026-01-01 01:10:00,sensor-00,0.63303,39.39239,0.43901,100.00688,0,38.78503
2026-01-01 01:15:00,sensor-00,0.60678,38.78503,0.38999,100.22891,0,40.33666
2026-01-01 01:20:00,sensor-00,0.64889,40.33666,0.41589,99.7797,0,38.70281
2026-01-01 01:25:00,sensor-00,0.48635,38.70281,0.39119,100.41801,0,39.4904
2026-01-01 01:30:00,sensor-00,0.48131,39.4904,0.30207,100.4543,0,38.94444
2026-01-01 01:35:00,sensor-00,0.37749,38.94444,0.36531,100.79077,0,38.02218
2026-01-01 01:40:00,sensor-00,0.40808,38.02218,0.38776,100.69511,0,39.36713
2026-01-01 01:45:00,sensor-00,0.43301,39.36713,0.32475,100.15391,0,36.2535
2026-01-01 01:50:00,sensor-00,0.25608,36.2535,0.36128,100.99148,0,36.90685
2026-01-01 01:55:00,sensor-00,0.4061,36.90685,0.30097,100.58539,0,38.205
2026-01-01 02:00:00,sensor-00,0.29244,38.205,0.32212,100.7683,0,37.09098
2026-01-01 02:05:00,sensor-00,0.2763,37.09098,0.26622,100.95551,0,35.12954
2026-01-01 02:10:00,sensor-00,0.16951,35.12954,0.27719,101.10671,0,37.89905
2026-01-01 02:15:00,sensor-00,0.42552,37.89905,0.32651,100.67604,0,38.14474
2026-01-01 02:20:00,sensor-00,0.29548,38.14474,0.32408,100.64651,0,36.7124
2026-01-01 02:25:00,sensor-00,0.33462,36.7124,0.30561,100.70548,0,38.42184
2026-01-01 02:30:00,sensor-00,0.38243,38.42184,0.31516,100.74719,0,37.69541
2026-01-01 02:35:00,sensor-00,0.3491,37.69541,0.34143,100.712,0,37.5658
2026-01-01 02:40:00,sensor-00,0.28049,37.5658,0.28487,100.93518,0,36.94155
2026-01-01 02:45:00,sensor-00,0.34271,36.94155,0.33691,100.69682,0,38.14792
2026-01-01 02:50:00,sensor-00,0.36316,38.14792,0.34085,100.67471,0,37.94663
2026-01-01 02:55:00,sensor-00,0.40161,37.94663,0.37095,100.59608,0,38.62807
2026-01-01 03:00:00,sensor-00,0.39195,38.62807,0.34679,100.60615,0,37.50233
2026-01-01 03:05:00,sensor-00,0.41721,37.50233,0.30142,100.43804,0,38.9132
2026-01-01 03:10:00,sensor-00,0.4613,38.9132,0.34823,100.33972,0,38.62881
2026-01-01 03:15:00,sensor-00,0.46597,38.62881,0.4294,100.72727,0,40.97224
2026-01-01 03:20:00,sensor-00,0.69786,40.97224,0.48977,100.42666,0,41.49271
2026-01-01 03:25:00,sensor-00,0.76422,41.49271,0.46176,100.05045,0,40.11353
2026-01-01 03:30:00,sensor-00,0.64519,40.11353,0.48374,100.11927,0,40.47307
2026-01-01 03:35:00,sensor-00,0.66965,40.47307,0.49042,100.48888,0,41.22046
2026-01-01 03:40:00,sensor-00,0.76841,41.22046,0.43871,100.03552,0,39.91414
2026-01-01 03:45:00,sensor-00,0.75507,39.91414,0.50281,99.94661,0,41.3893
2026-01-01 03:50:00,sensor-00,0.81922,41.3893,0.51925,99.73603,0,40.75039
2026-01-01 03:55:00,sensor-00,0.78668,40.75039,0.56211,99.89042,0,43.00845
2026-01-01 04:00:00,sensor-00,0.83588,43.00845,0.5371,99.80575,0,42.07729
2026-01-01 04:05:00,sensor-00,0.86224,42.07729,0.55955,99.62589,0,42.36089
2026-01-01 04:10:00,sensor-00,0.89863,42.36089,0.58557,99.73067,0,42.43869
2026-01-01 04:15:00,sensor-00,0.85223,42.43869,0.54019,100.0678,0,41.40472
2026-01-01 04:20:00,sensor-00,0.84237,41.40472,0.52419,99.89659,0,41.43752
2026-01-01 04:25:00,sensor-00,0.7878,41.43752,0.47905,99.89766,0,41.69496
2026-01-01 04:30:00,sensor-00,0.88528,41.69496,0.56197,99.60875,0,40.80889
2026-01-01 04:35:00,sensor-00,0.79745,40.80889,0.49533,100.1496,0,41.36725
2026-01-01 04:40:00,sensor-00,0.76645,41.36725,0.45819,99.84021,0,41.17046
2026-01-01 04:45:00,sensor-00,0.81299,41.17046,0.50757,99.89286,0,41.02237
2026-01-01 04:50:00,sensor-00,0.77185,41.02237,0.53331,99.88625,0,39.04027
2026-01-01 04:55:00,sensor-00,0.57558,39.04027,0.48104,100.4012,0,40.29306
2026-01-01 05:00:00,sensor-00,0.73379,40.29306,0.49656,99.80509,0,40.7378
2026-01-01 05:05:00,sensor-00,0.76383,40.7378,0.5369,99.81692,0,38.79875
2026-01-01 05:10:00,sensor-00,0.56913,38.79875,0.38969,100.19739,0,39.99017
2026-01-01 05:15:00,sensor-00,0.5576,39.99017,0.40633,100.4537,0,40.21115
2026-01-01 05:20:00,sensor-00,0.5526,40.21115,0.33324,100.30139,0,38.64449
2026-01-01 05:25:00,sensor-00,0.49282,38.64449,0.40654,100.52318,0,38.36602
2026-01-01 05:30:00,sensor-00,0.53013,38.36602,0.42394,100.48859,0,38.31895
2026-01-01 05:35:00,sensor-00,0.3971,38.31895,0.29323,100.38531,0,39.04035
2026-01-01 05:40:00,sensor-00,0.38743,39.04035,0.35926,100.90649,0,37.16123
2026-01-01 05:45:00,sensor-00,0.30299,37.16123,0.37807,100.69183,0,38.50867
2026-01-01 05:50:00,sensor-00,0.40059,38.50867,0.3669,100.71413,0,37.63206
2026-01-01 05:55:00,sensor-00,0.25729,37.63206,0.30577,100.6437,0,37.7106
2026-01-01 06:00:00,sensor-00,0.28511,37.7106,0.35122,100.91835,0,37.3718
2026-01-01 06:05:00,sensor-00,0.21065,37.3718,0.273,100.61586,0,37.71879
2026-01-01 06:10:00,sensor-00,0.20378,37.71879,0.29095,100.89671,0,35.98837
2026-01-01 06:15:00,sensor-00,0.16279,35.98837,0.25031,101.02674,0,36.41483
2026-01-01 06:20:00,sensor-00,0.24006,36.41483,0.32361,100.57911,0,36.68602
2026-01-01 06:25:00,sensor-00,0.21703,36.68602,0.33865,100.9813,0,36.60636
2026-01-01 06:30:00,sensor-00,0.20794,36.60636,0.27408,100.50883,0,37.22426
2026-01-01 06:35:00,sensor-00,0.19988,37.22426,0.26918,101.13335,0,38.30254
2026-01-01 06:40:00,sensor-00,0.37789,38.30254,0.30103,100.7257,0,37.14265
2026-01-01 06:45:00,sensor-00,0.24136,37.14265,0.24111,100.9341,0,37.4094
2026-01-01 06:50:00,sensor-00,0.34731,37.4094,0.34338,100.5208,0,37.74532
2026-01-01 06:55:00,sensor-00,0.30858,37.74532,0.27737,100.5451,0,39.84528
2026-01-01 07:00:00,sensor-00,0.45911,39.84528,0.33447,100.26997,0,38.9346
2026-01-01 07:05:00,sensor-00,0.39972,38.9346,0.3692,100.74753,0,38.78212
2026-01-01 07:10:00,sensor-00,0.51386,38.78212,0.39696,100.48495,0,39.28376
2026-01-01 07:15:00,sensor-00,0.50121,39.28376,0.38229,100.56445,0,39.56492
2026-01-01 07:20:00,sensor-00,0.55056,39.56492,0.43805,100.06563,0,39.87104
2026-01-01 07:25:00,sensor-00,0.60102,39.87104,0.46337,99.88918,0,40.72436
2026-01-01 07:30:00,sensor-00,0.69217,40.72436,0.47147,100.04133,0,39.90369
2026-01-01 07:35:00,sensor-00,0.70037,39.90369,0.50622,100.34975,0,41.44966
2026-01-01 07:40:00,sensor-00,0.73352,41.44966,0.42253,99.97045,0,39.32673
2026-01-01 07:45:00,sensor-00,0.63688,39.32673,0.4212,100.24722,0,40.9841
2026-01-01 07:50:00,sensor-00,0.739,40.9841,0.50763,99.61971,0,41.59347
2026-01-01 07:55:00,sensor-00,0.80684,41.59347,0.50571,100.04751,0,42.33676
2026-01-01 08:00:00,sensor-00,0.89189,42.33676,0.54484,99.71625,0,41.77885
2026-01-01 08:05:00,sensor-00,0.8608,41.77885,0.54531,99.69481,0,41.98691
2026-01-01 08:10:00,sensor-00,0.89328,41.98691,0.52797,99.73343,0,42.40973
2026-01-01 08:15:00,sensor-00,0.85672,42.40973,0.50825,99.95856,0,42.20381
2026-01-01 08:20:00,sensor-00,0.91891,42.20381,0.59444,99.8088,0,42.09146
2026-01-01 08:25:00,sensor-00,0.81721,42.09146,0.54848,99.53119,0,41.58071
2026-01-01 08:30:00,sensor-00,0.81717,41.58071,0.53408,99.89506,0,40.52118
2026-01-01 08:35:00,sensor-00,0.73782,40.52118,0.47534,99.99335,0,41.23729
2026-01-01 08:40:00,sensor-00,0.87043,41.23729,0.57044,99.70052,0,40.69731
2026-01-01 08:45:00,sensor-00,0.80109,40.69731,0.51718,99.75247,0,41.42146
2026-01-01 08:50:00,sensor-00,0.77751,41.42146,0.55425,99.92524,0,40.81153
2026-01-01 08:55:00,sensor-00,0.73497,40.81153,0.51472,99.94338,0,39.97465
2026-01-01 09:00:00,sensor-00,0.68004,39.97465,0.44771,99.82649,0,45.96449
2026-01-01 09:05:00,sensor-00,0.65225,45.96449,0.79061,99.98285,1,39.95313
2026-01-01 09:10:00,sensor-00,0.59987,39.95313,0.45466,100.11308,0,38.14335
2026-01-01 09:15:00,sensor-00,0.48077,38.14335,0.35827,100.25242,0,39.32404
2026-01-01 09:20:00,sensor-00,0.54456,39.32404,0.34962,100.46941,0,39.71338
2026-01-01 09:25:00,sensor-00,0.49243,39.71338,0.36916,100.41451,0,38.70728
2026-01-01 09:30:00,sensor-00,0.43254,38.70728,0.39704,100.88861,0,38.41786
2026-01-01 09:35:00,sensor-00,0.40292,38.41786,0.34439,100.64433,0,39.68635
2026-01-01 09:40:00,sensor-00,0.44813,39.68635,0.37882,100.08853,0,38.16379
2026-01-01 09:45:00,sensor-00,0.34895,38.16379,0.3668,100.64194,0,36.44433
2026-01-01 09:50:00,sensor-00,0.31769,36.44433,0.29443,100.82191,0,37.12075
2026-01-01 09:55:00,sensor-00,0.27119,37.12075,0.37154,101.09229,0,37.54639
2026-01-01 10:00:00,sensor-00,0.33624,37.54639,0.29161,100.73,0,38.14176
2026-01-01 10:05:00,sensor-00,0.35322,38.14176,0.28578,100.81857,0,37.8564
2026-01-01 10:10:00,sensor-00,0.2139,37.8564,0.26828,100.87365,0,37.29354
2026-01-01 10:15:00,sensor-00,0.27535,37.29354,0.28443,100.37617,0,37.36892
2026-01-01 10:20:00,sensor-00,0.2116,37.36892,0.31883,100.732,0,38.0975
2026-01-01 10:25:00,sensor-00,0.3332,38.0975,0.35118,100.74218,0,37.5778
2026-01-01 10:30:00,sensor-00,0.38156,37.5778,0.35445,100.66859,0,37.85053
2026-01-01 10:35:00,sensor-00,0.24445,37.85053,0.28027,100.76398,0,37.59102
2026-01-01 10:40:00,sensor-00,0.38642,37.59102,0.2784,100.59066,0,37.47737
2026-01-01 10:45:00,sensor-00,0.27144,37.47737,0.28219,100.90936,0,37.27371
2026-01-01 10:50:00,sensor-00,0.34007,37.27371,0.3722,100.61125,0,38.08755
2026-01-01 10:55:00,sensor-00,0.47143,38.08755,0.39141,100.4603,0,37.98445
2026-01-01 11:00:00,sensor-00,0.40723,37.98445,0.38609,100.80692,0,38.27007
2026-01-01 11:05:00,sensor-00,0.40948,38.27007,0.38481,100.66459,0,39.75262
2026-01-01 11:10:00,sensor-00,0.52618,39.75262,0.4416,100.32226,0,39.32594
2026-01-01 11:15:00,sensor-00,0.55483,39.32594,0.41491,100.27365,0,39.52493
2026-01-01 11:20:00,sensor-00,0.60929,39.52493,0.46083,100.29796,0,39.80637
2026-01-01 11:25:00,sensor-00,0.59937,39.80637,0.40388,99.95568,0,40.87942
2026-01-01 11:30:00,sensor-00,0.71847,40.87942,0.43005,99.97963,0,39.64222
2026-01-01 11:35:00,sensor-00,0.579,39.64222,0.42096,100.08678,0,40.33605
2026-01-01 11:40:00,sensor-00,0.65697,40.33605,0.44761,100.06659,0,39.27164
2026-01-01 11:45:00,sensor-00,0.69401,39.27164,0.44844,99.95926,0,41.48113
2026-01-01 11:50:00,sensor-00,0.79091,41.48113,0.56021,99.99293,0,42.28277
2026-01-01 11:55:00,sensor-00,0.87628,42.28277,0.58322,99.54361,0,42.24265
2026-01-01 12:00:00,sensor-00,0.9323,42.24265,0.54746,99.61015,0,42.85127
2026-01-01 12:05:00,sensor-00,0.91206,42.85127,0.60554,99.64714,0,42.43995
2026-01-01 12:10:00,sensor-00,0.85688,42.43995,0.59897,99.43789,0,41.8276
2026-01-01 12:15:00,sensor-00,0.79526,41.8276,0.5991,99.88506,0,42.55857
2026-01-01 12:20:00,sensor-00,0.92242,42.55857,0.5427,99.59864,0,42.88594
2026-01-01 12:25:00,sensor-00,0.93698,42.88594,0.50543,99.66586,0,42.16305
2026-01-01 12:30:00,sensor-00,0.81006,42.16305,0.49933,99.94298,0,41.62165
2026-01-01 12:35:00,sensor-00,0.88231,41.62165,0.55915,99.96291,0,40.6769
2026-01-01 12:40:00,sensor-00,0.8347,40.6769,0.54803,99.84606,0,40.5416
2026-01-01 12:45:00,sensor-00,0.65976,40.5416,0.49902,99.80117,0,40.99679
2026-01-01 12:50:00,sensor-00,0.71449,40.99679,0.4747,99.97189,0,41.57378
2026-01-01 12:55:00,sensor-00,0.76579,41.57378,0.54466,100.36105,0,40.45698
2026-01-01 13:00:00,sensor-00,0.70953,40.45698,0.45524,99.87548,0,39.03868
2026-01-01 13:05:00,sensor-00,0.51539,39.03868,0.39638,100.24484,0,39.94329
2026-01-01 13:10:00,sensor-00,0.61634,39.94329,0.37907,99.97243,0,39.46376
2026-01-01 13:15:00,sensor-00,0.53059,39.46376,0.40106,100.27136,0,37.58571
2026-01-01 13:20:00,sensor-00,0.37149,37.58571,0.30921,100.74934,0,39.38962
2026-01-01 13:25:00,sensor-00,0.4853,39.38962,0.41236,100.46763,0,39.27766
2026-01-01 13:30:00,sensor-00,0.38679,39.27766,0.3869,100.54103,0,37.98314
2026-01-01 13:35:00,sensor-00,0.50844,37.98314,0.41408,100.12284,0,38.20349
2026-01-01 13:40:00,sensor-00,0.40901,38.20349,0.39812,100.55364,0,38.10475
2026-01-01 13:45:00,sensor-00,0.34758,38.10475,0.32091,100.37316,0,36.49192
2026-01-01 13:50:00,sensor-00,0.30145,36.49192,0.29268,101.14624,0,36.31236
2026-01-01 13:55:00,sensor-00,0.21543,36.31236,0.30496,100.96811,0,37.83703
2026-01-01 14:00:00,sensor-00,0.30496,37.83703,0.32159,100.73576,0,37.61925
2026-01-01 14:05:00,sensor-00,0.28867,37.61925,0.26024,100.86101,0,37.78525
2026-01-01 14:10:00,sensor-00,0.24855,37.78525,0.26106,100.61617,0,36.02658
2026-01-01 14:15:00,sensor-00,0.2327,36.02658,0.18909,100.7569,0,36.63876
2026-01-01 14:20:00,sensor-00,0.27714,36.63876,0.33102,101.0697,0,46.46972
2026-01-01 14:25:00,sensor-00,0.3472,46.46972,0.71033,100.4669,1,37.22595
2026-01-01 14:30:00,sensor-00,0.20891,37.22595,0.27551,100.77546,0,37.4213
2026-01-01 14:35:00,sensor-00,0.21769,37.4213,0.24555,100.88963,0,37.4559
2026-01-01 14:40:00,sensor-00,0.35499,37.4559,0.35,100.53605,0,36.67831
2026-01-01 14:45:00,sensor-00,0.2872,36.67831,0.31635,100.81262,0,38.38012
2026-01-01 14:50:00,sensor-00,0.4106,38.38012,0.36413,100.66477,0,37.86569
2026-01-01 14:55:00,sensor-00,0.31623,37.86569,0.29263,100.76332,0,39.19629
2026-01-01 15:00:00,sensor-00,0.50028,39.19629,0.33296,100.36844,0,39.05158
2026-01-01 15:05:00,sensor-00,0.49846,39.05158,0.33406,100.54755,0,38.32335
2026-01-01 15:10:00,sensor-00,0.41366,38.32335,0.35607,100.69108,0,39.65896
2026-01-01 15:15:00,sensor-00,0.58267,39.65896,0.37357,100.42236,0,39.35534
2026-01-01 15:20:00,sensor-00,0.50727,39.35534,0.40986,100.23505,0,38.97101
2026-01-01 15:25:00,sensor-00,0.54376,38.97101,0.45801,100.44256,0,40.37788
2026-01-01 15:30:00,sensor-00,0.67763,40.37788,0.46195,100.1027,0,39.23605
2026-01-01 15:35:00,sensor-00,0.6125,39.23605,0.46478,100.05569,0,40.8962
2026-01-01 15:40:00,sensor-00,0.77998,40.8962,0.54207,99.67214,0,40.89565
2026-01-01 15:45:00,sensor-00,0.70577,40.89565,0.49704,100.17935,0,41.42726
2026-01-01 15:50:00,sensor-00,0.7454,41.42726,0.524,99.80924,0,40.65192
2026-01-01 15:55:00,sensor-00,0.73185,40.65192,0.44341,99.93821,0,41.5721
2026-01-01 16:00:00,sensor-00,0.85468,41.5721,0.49208,99.63136,0,41.33185
2026-01-01 16:05:00,sensor-00,0.83777,41.33185,0.49495,99.80049,0,42.15008
2026-01-01 16:10:00,sensor-00,0.83463,42.15008,0.51088,99.96731,0,42.01183
2026-01-01 16:15:00,sensor-00,0.85744,42.01183,0.44942,99.57204,0,40.79064
2026-01-01 16:20:00,sensor-00,0.82238,40.79064,0.538,99.6025,0,42.17504
2026-01-01 16:25:00,sensor-00,0.85492,42.17504,0.48981,99.94846,0,42.08163
2026-01-01 16:30:00,sensor-00,0.85673,42.08163,0.52397,99.82122,0,41.41921
2026-01-01 16:35:00,sensor-00,0.80827,41.41921,0.51607,99.91124,0,41.29131
2026-01-01 16:40:00,sensor-00,0.80063,41.29131,0.51472,100.19169,0,40.18776
2026-01-01 16:45:00,sensor-00,0.69118,40.18776,0.47747,100.14681,0,41.73388
2026-01-01 16:50:00,sensor-00,0.73931,41.73388,0.50235,100.08146,0,40.62958
2026-01-01 16:55:00,sensor-00,0.70381,40.62958,0.43704,99.54683,0,42.0471
2026-01-01 17:00:00,sensor-00,0.81058,42.0471,0.46174,99.78722,0,40.24113
2026-01-01 17:05:00,sensor-00,0.64633,40.24113,0.46132,100.18064,0,40.63834
2026-01-01 17:10:00,sensor-00,0.67043,40.63834,0.43607,100.35162,0,40.79783
2026-01-01 17:15:00,sensor-00,0.62737,40.79783,0.48828,100.00962,0,38.63975
2026-01-01 17:20:00,sensor-00,0.51477,38.63975,0.35132,100.48412,0,39.01457
2026-01-01 17:25:00,sensor-00,0.45731,39.01457,0.37102,100.49179,0,38.25436
2026-01-01 17:30:00,sensor-00,0.47233,38.25436,0.33515,100.69768,0,37.26919
2026-01-01 17:35:00,sensor-00,0.30276,37.26919,0.32998,100.83988,0,37.79456
2026-01-01 17:40:00,sensor-00,0.32071,37.79456,0.26256,100.85339,0,37.88582
2026-01-01 17:45:00,sensor-00,0.38743,37.88582,0.4594,100.62064,0,37.43169
2026-01-01 17:50:00,sensor-00,0.35001,37.43169,0.40327,100.61437,0,36.78099
2026-01-01 17:55:00,sensor-00,0.25584,36.78099,0.2418,100.70019,0,37.28503
2026-01-01 18:00:00,sensor-00,0.33119,37.28503,0.35338,100.50217,0,37.36344
2026-01-01 18:05:00,sensor-00,0.25135,37.36344,0.29308,100.66313,0,35.14824
2026-01-01 18:10:00,sensor-00,0.20717,35.14824,0.26062,100.89722,0,37.11198
2026-01-01 18:15:00,sensor-00,0.23809,37.11198,0.28254,101.00957,0,36.90744
2026-01-01 18:20:00,sensor-00,0.21065,36.90744,0.20635,100.66661,0,37.16354
2026-01-01 18:25:00,sensor-00,0.2789,37.16354,0.29784,100.88829,0,37.9705
2026-01-01 18:30:00,sensor-00,0.37419,37.9705,0.37575,101.03016,0,37.59503
2026-01-01 18:35:00,sensor-00,0.31273,37.59503,0.27605,101.05342,0,38.06847
2026-01-01 18:40:00,sensor-00,0.27899,38.06847,0.25627,100.80192,0,37.12153
2026-01-01 18:45:00,sensor-00,0.2411,37.12153,0.30515,100.90634,0,38.55386
2026-01-01 18:50:00,sensor-00,0.40347,38.55386,0.31637,100.5881,0,38.29519
2026-01-01 18:55:00,sensor-00,0.38652,38.29519,0.38879,100.55131,0,38.75482
2026-01-01 19:00:00,sensor-00,0.44614,38.75482,0.30615,100.39385,0,39.65767
2026-01-01 19:05:00,sensor-00,0.52182,39.65767,0.2921,100.12178,0,38.48461
2026-01-01 19:10:00,sensor-00,0.45388,38.48461,0.34146,100.35962,0,39.18715
2026-01-01 19:15:00,sensor-00,0.41554,39.18715,0.35078,100.38386,0,41.62629
2026-01-01 19:20:00,sensor-00,0.71776,41.62629,0.44865,99.85634,0,39.8327
2026-01-01 19:25:00,sensor-00,0.58511,39.8327,0.43962,100.07649,0,40.72565
2026-01-01 19:30:00,sensor-00,0.6938,40.72565,0.45682,100.0284,0,39.94528
2026-01-01 19:35:00,sensor-00,0.69445,39.94528,0.45702,99.81753,0,40.15603
2026-01-01 19:40:00,sensor-00,0.63748,40.15603,0.45186,99.88608,0,41.04607
2026-01-01 19:45:00,sensor-00,0.6937,41.04607,0.49822,99.9418,0,41.23499
2026-01-01 19:50:00,sensor-00,0.70769,41.23499,0.50505,99.92324,0,41.78059
2026-01-01 19:55:00,sensor-00,0.76535,41.78059,0.50991,100.0448,0,42.03454
2026-01-01 20:00:00,sensor-00,0.94202,42.03454,0.5964,99.55637,0,41.45358
2026-01-01 20:05:00,sensor-00,0.8172,41.45358,0.42576,99.95762,0,42.70143
2026-01-01 20:10:00,sensor-00,0.91502,42.70143,0.56322,99.53005,0,41.53333
2026-01-01 20:15:00,sensor-00,0.84328,41.53333,0.49582,99.96846,0,40.73771
2026-01-01 20:20:00,sensor-00,0.7939,40.73771,0.49081,99.89757,0,42.47353
2026-01-01 20:25:00,sensor-00,0.90327,42.47353,0.57321,99.39343,0,41.9114
2026-01-01 20:30:00,sensor-00,0.78611,41.9114,0.49525,100.01198,0,40.89277
2026-01-01 20:35:00,sensor-00,0.80399,40.89277,0.53842,99.69621,0,40.06858
2026-01-01 20:40:00,sensor-00,0.6717,40.06858,0.42982,99.94474,0,42.11693
2026-01-01 20:45:00,sensor-00,0.82637,42.11693,0.50685,99.85359,0,41.24042
2026-01-01 20:50:00,sensor-00,0.78762,41.24042,0.47591,100.01194,0,40.62831
2026-01-01 20:55:00,sensor-00,0.71629,40.62831,0.45837,99.8718,0,39.48917
2026-01-01 21:00:00,sensor-00,0.57861,39.48917,0.41764,100.39991,0,40.04448
2026-01-01 21:05:00,sensor-00,0.56882,40.04448,0.4077,100.10925,0,40.06502
2026-01-01 21:10:00,sensor-00,0.70226,40.06502,0.48515,99.90204,0,39.79229
2026-01-01 21:15:00,sensor-00,0.58873,39.79229,0.42225,100.15141,0,40.13037
2026-01-01 21:20:00,sensor-00,0.62002,40.13037,0.39151,99.881,0,39.21007
2026-01-01 21:25:00,sensor-00,0.48411,39.21007,0.3293,100.183,0,38.42161
2026-01-01 21:30:00,sensor-00,0.39408,38.42161,0.32015,100.65423,0,37.9994
2026-01-01 21:35:00,sensor-00,0.41675,37.9994,0.31957,100.75129,0,39.16627
2026-01-01 21:40:00,sensor-00,0.44014,39.16627,0.41482,100.80855,0,38.26976
2026-01-01 21:45:00,sensor-00,0.30583,38.26976,0.24661,100.66672,0,38.60395
2026-01-01 21:50:00,sensor-00,0.38277,38.60395,0.29373,100.69144,0,36.73325
2026-01-01 21:55:00,sensor-00,0.29907,36.73325,0.27369,100.39523,0,38.40932
2026-01-01 22:00:00,sensor-00,0.32917,38.40932,0.31763,100.81234,0,37.89316
2026-01-01 22:05:00,sensor-00,0.27163,37.89316,0.31342,100.8623,0,36.82047
2026-01-01 22:10:00,sensor-00,0.1589,36.82047,0.23148,100.81643,0,38.16738
2026-01-01 22:15:00,sensor-00,0.43433,38.16738,0.34728,100.59225,0,36.19936
2026-01-01 22:20:00,sensor-00,0.17143,36.19936,0.25085,101.20637,0,36.55635
2026-01-01 22:25:00,sensor-00,0.24072,36.55635,0.23868,100.72379,0,37.72359
2026-01-01 22:30:00,sensor-00,0.38477,37.72359,0.31832,100.71321,0,36.57853
2026-01-01 22:35:00,sensor-00,0.14593,36.57853,0.24751,101.04327,0,37.66638
2026-01-01 22:40:00,sensor-00,0.26869,37.66638,0.32714,100.95614,0,38.57239
2026-01-01 22:45:00,sensor-00,0.41878,38.57239,0.37738,100.41746,0,38.16725
2026-01-01 22:50:00,sensor-00,0.3915,38.16725,0.31831,100.47405,0,38.25824
2026-01-01 22:55:00,sensor-00,0.34856,38.25824,0.30599,100.81828,0,40.16778
2026-01-01 23:00:00,sensor-00,0.46116,40.16778,0.42938,100.51381,0,39.8958
2026-01-01 23:05:00,sensor-00,0.51621,39.8958,0.42414,100.41464,0,39.74114
2026-01-01 23:10:00,sensor-00,0.54797,39.74114,0.39709,100.26641,0,38.42768
2026-01-01 23:15:00,sensor-00,0.49667,38.42768,0.43877,100.91392,0,39.48841
2026-01-01 23:20:00,sensor-00,0.5221,39.48841,0.3537,99.94387,0,40.92456
2026-01-01 23:25:00,sensor-00,0.62681,40.92456,0.49154,100.13958,0,40.22281
2026-01-01 23:30:00,sensor-00,0.56546,40.22281,0.39738,100.2903,0,40.94175
2026-01-01 23:35:00,sensor-00,0.70545,40.94175,0.51337,100.05263,0,41.13757
2026-01-01 23:40:00,sensor-00,0.71,41.13757,0.51807,100.32596,0,40.74043
2026-01-01 23:45:00,sensor-00,0.75157,40.74043,0.46572,99.97867,0,41.02228
2026-01-01 23:50:00,sensor-00,0.81204,41.02228,0.50115,99.77925,0,40.86728
2026-01-01 00:00:00,sensor-01,0.69554,40.55961,0.44053,99.96072,0,40.28923
2026-01-01 00:05:00,sensor-01,0.63835,40.28923,0.41071,100.38497,0,40.80418
2026-01-01 00:10:00,sensor-01,0.611,40.80418,0.33181,100.517,0,39.08105
2026-01-01 00:15:00,sensor-01,0.48247,39.08105,0.29262,100.41436,0,38.00715
2026-01-01 00:20:00,sensor-01,0.55287,38.00715,0.47781,99.98897,0,38.21159
2026-01-01 00:25:00,sensor-01,0.53158,38.21159,0.4088,100.31308,0,39.87659
2026-01-01 00:30:00,sensor-01,0.52462,39.87659,0.40714,100.43152,0,37.33158
2026-01-01 00:35:00,sensor-01,0.37821,37.33158,0.33664,100.58633,0,37.51096
2026-01-01 00:40:00,sensor-01,0.33699,37.51096,0.36215,101.00492,0,37.21476
2026-01-01 00:45:00,sensor-01,0.31551,37.21476,0.28025,101.02678,0,37.65558
2026-01-01 00:50:00,sensor-01,0.40371,37.65558,0.31155,100.68589,0,36.81683
2026-01-01 00:55:00,sensor-01,0.26548,36.81683,0.23005,100.79512,0,37.3417
2026-01-01 01:00:00,sensor-01,0.2146,37.3417,0.21736,100.88312,0,38.29847
2026-01-01 01:05:00,sensor-01,0.38123,38.29847,0.308,100.69869,0,36.95018
2026-01-01 01:10:00,sensor-01,0.23955,36.95018,0.27867,101.11183,0,36.77439
2026-01-01 01:15:00,sensor-01,0.24513,36.77439,0.24444,100.47592,0,36.47906
2026-01-01 01:20:00,sensor-01,0.22363,36.47906,0.24464,100.63964,0,35.81659
2026-01-01 01:25:00,sensor-01,0.16575,35.81659,0.19844,100.83599,0,36.44638
2026-01-01 01:30:00,sensor-01,0.26258,36.44638,0.28741,100.84206,0,35.99862
2026-01-01 01:35:00,sensor-01,0.25241,35.99862,0.2833,100.67371,0,37.32998
2026-01-01 01:40:00,sensor-01,0.31833,37.32998,0.27617,100.66519,0,37.80738
2026-01-01 01:45:00,sensor-01,0.3518,37.80738,0.33251,100.78593,0,38.59942
2026-01-01 01:50:00,sensor-01,0.32808,38.59942,0.34886,100.57774,0,37.92032
2026-01-01 01:55:00,sensor-01,0.36909,37.92032,0.30086,100.60981,0,38.58397
2026-01-01 02:00:00,sensor-01,0.51082,38.58397,0.39429,100.06651,0,38.44625
2026-01-01 02:05:00,sensor-01,0.45142,38.44625,0.38033,100.40081,0,38.2728
2026-01-01 02:10:00,sensor-01,0.4452,38.2728,0.40737,100.74073,0,38.59773
2026-01-01 02:15:00,sensor-01,0.47269,38.59773,0.32759,100.24196,0,40.20058
2026-01-01 02:20:00,sensor-01,0.6979,40.20058,0.45367,99.90943,0,39.3801
2026-01-01 02:25:00,sensor-01,0.54527,39.3801,0.39132,100.53869,0,40.39415
2026-01-01 02:30:00,sensor-01,0.65485,40.39415,0.46197,99.97153,0,40.71214
2026-01-01 02:35:00,sensor-01,0.67583,40.71214,0.49027,100.20424,0,40.94365
2026-01-01 02:40:00,sensor-01,0.78191,40.94365,0.51142,100.15097,0,40.3064
2026-01-01 02:45:00,sensor-01,0.67136,40.3064,0.4942,100.09277,0,41.72088
2026-01-01 02:50:00,sensor-01,0.82457,41.72088,0.50125,99.44958,0,41.09916
2026-01-01 02:55:00,sensor-01,0.75136,41.09916,0.55531,100.15466,0,40.06425
2026-01-01 03:00:00,sensor-01,0.75576,40.06425,0.45177,99.87514,0,42.22301
2026-01-01 03:05:00,sensor-01,0.86509,42.22301,0.56409,99.85548,0,41.38208
2026-01-01 03:10:00,sensor-01,0.89812,41.38208,0.56783,99.95966,0,41.39111
2026-01-01 03:15:00,sensor-01,0.7997,41.39111,0.53947,99.63709,0,41.76867
2026-01-01 03:20:00,sensor-01,0.81945,41.76867,0.49132,99.66913,0,41.33291
2026-01-01 03:25:00,sensor-01,0.85731,41.33291,0.55929,99.68381,0,41.80178
2026-01-01 03:30:00,sensor-01,0.82224,41.80178,0.53272,99.84119,0,41.17904
2026-01-01 03:35:00,sensor-01,0.79072,41.17904,0.54577,99.71496,0,41.97339
2026-01-01 03:40:00,sensor-01,0.83947,41.97339,0.52218,99.8628,0,41.10669
2026-01-01 03:45:00,sensor-01,0.79791,41.10669,0.44891,99.85479,0,41.34578
2026-01-01 03:50:00,sensor-01,0.76935,41.34578,0.50585,99.82314,0,39.80456
2026-01-01 03:55:00,sensor-01,0.75259,39.80456,0.45535,100.09619,0,40.58029
2026-01-01 04:00:00,sensor-01,0.73811,40.58029,0.49415,99.93487,0,40.32213
2026-01-01 04:05:00,sensor-01,0.71067,40.32213,0.46841,99.97603,0,39.98317
2026-01-01 04:10:00,sensor-01,0.58621,39.98317,0.38637,100.17015,0,39.30208
2026-01-01 04:15:00,sensor-01,0.55707,39.30208,0.47925,100.14106,0,39.32981
2026-01-01 04:20:00,sensor-01,0.53642,39.32981,0.38947,100.23613,0,38.33247
2026-01-01 04:25:00,sensor-01,0.49996,38.33247,0.45333,100.3667,0,38.90753
2026-01-01 04:30:00,sensor-01,0.46018,38.90753,0.36607,100.74848,0,38.38332
2026-01-01 04:35:00,sensor-01,0.3576,38.38332,0.29697,100.81804,0,44.16634
2026-01-01 04:40:00,sensor-01,0.40291,44.16634,0.72654,100.68775,1,37.81042
2026-01-01 04:45:00,sensor-01,0.38274,37.81042,0.31151,100.71429,0,37.61892
2026-01-01 04:50:00,sensor-01,0.39337,37.61892,0.40266,100.49454,0,36.48147
2026-01-01 04:55:00,sensor-01,0.22763,36.48147,0.32096,101.0049,0,36.71341
2026-01-01 05:00:00,sensor-01,0.23746,36.71341,0.35778,100.84148,0,36.32514
2026-01-01 05:05:00,sensor-01,0.18609,36.32514,0.20296,101.11123,0,38.10945
2026-01-01 05:10:00,sensor-01,0.32223,38.10945,0.36522,100.87347,0,37.13323
2026-01-01 05:15:00,sensor-01,0.36104,37.13323,0.34772,100.50022,0,37.65881
2026-01-01 05:20:00,sensor-01,0.26183,37.65881,0.29664,100.93102,0,36.78227
2026-01-01 05:25:00,sensor-01,0.25971,36.78227,0.28585,101.12957,0,36.8347
2026-01-01 05:30:00,sensor-01,0.2412,36.8347,0.21151,100.87153,0,37.73256
2026-01-01 05:35:00,sensor-01,0.38903,37.73256,0.24406,100.66809,0,36.51733
2026-01-01 05:40:00,sensor-01,0.23587,36.51733,0.31787,100.92327,0,37.78436
2026-01-01 05:45:00,sensor-01,0.36745,37.78436,0.34462,100.23946,0,38.64546
2026-01-01 05:50:00,sensor-01,0.35386,38.64546,0.33372,100.35622,0,37.54701
2026-01-01 05:55:00,sensor-01,0.39597,37.54701,0.33651,100.74544,0,37.83112
2026-01-01 06:00:00,sensor-01,0.40383,37.83112,0.38719,100.3063,0,37.81198
2026-01-01 06:05:00,sensor-01,0.42749,37.81198,0.36012,100.46674,0,37.69166
2026-01-01 06:10:00,sensor-01,0.38941,37.69166,0.29211,100.69124,0,39.18356
2026-01-01 06:15:00,sensor-01,0.57351,39.18356,0.45216,100.07739,0,38.41083
2026-01-01 06:20:00,sensor-01,0.52178,38.41083,0.43251,99.96832,0,39.00606
2026-01-01 06:25:00,sensor-01,0.48368,39.00606,0.43242,100.48028,0,38.91362
2026-01-01 06:30:00,sensor-01,0.58618,38.91362,0.36988,100.08213,0,41.02531
2026-01-01 06:35:00,sensor-01,0.64894,41.02531,0.46472,100.16001,0,41.79309
2026-01-01 06:40:00,sensor-01,0.81522,41.79309,0.51754,99.92171,0,40.2199
2026-01-01 06:45:00,sensor-01,0.66998,40.2199,0.45355,100.60164,0,42.05013
2026-01-01 06:50:00,sensor-01,0.89126,42.05013,0.5663,99.94603,0,40.74288
2026-01-01 06:55:00,sensor-01,0.63014,40.74288,0.52465,100.46361,0,40.64732
2026-01-01 07:00:00,sensor-01,0.7439,40.64732,0.4944,99.87698,0,40.99224
2026-01-01 07:05:00,sensor-01,0.80522,40.99224,0.53517,99.75462,0,40.53651
2026-01-01 07:10:00,sensor-01,0.82792,40.53651,0.48088,99.84882,0,43.52105
2026-01-01 07:15:00,sensor-01,1.0,43.52105,0.52517,99.25841,0,41.7798
2026-01-01 07:20:00,sensor-01,0.84778,41.7798,0.56073,99.73858,0,41.16511
2026-01-01 07:25:00,sensor-01,0.87741,41.16511,0.56489,99.70833,0,40.32675
2026-01-01 07:30:00,sensor-01,0.85203,40.32675,0.47108,99.76845,0,49.35377
2026-01-01 07:35:00,sensor-01,0.82633,49.35377,0.85147,99.7936,1,41.47018
2026-01-01 07:40:00,sensor-01,0.80732,41.47018,0.49832,99.80224,0,41.43827
2026-01-01 07:45:00,sensor-01,0.79904,41.43827,0.49854,100.09402,0,40.03726
2026-01-01 07:50:00,sensor-01,0.66453,40.03726,0.44084,99.95155,0,41.0698
2026-01-01 07:55:00,sensor-01,0.77547,41.0698,0.51897,99.8817,0,40.99977
2026-01-01 08:00:00,sensor-01,0.68285,40.99977,0.45739,99.78589,0,40.59623
2026-01-01 08:05:00,sensor-01,0.62892,40.59623,0.42189,100.12949,0,40.31777
2026-01-01 08:10:00,sensor-01,0.68947,40.31777,0.48142,100.21594,0,39.60948
2026-01-01 08:15:00,sensor-01,0.54229,39.60948,0.41917,100.30623,0,38.27493
2026-01-01 08:20:00,sensor-01,0.52414,38.27493,0.378,100.13518,0,39.41783
2026-01-01 08:25:00,sensor-01,0.49012,39.41783,0.36414,100.25249,0,37.93709
2026-01-01 08:30:00,sensor-01,0.48614,37.93709,0.40774,100.13793,0,37.96662
2026-01-01 08:35:00,sensor-01,0.34067,37.96662,0.30045,100.8557,0,37.9827
2026-01-01 08:40:00,sensor-01,0.39024,37.9827,0.30409,100.408,0,38.60195
2026-01-01 08:45:00,sensor-01,0.41362,38.60195,0.32872,100.55986,0,37.8513
2026-01-01 08:50:00,sensor-01,0.38271,37.8513,0.28911,100.58099,0,38.11687
2026-01-01 08:55:00,sensor-01,0.38397,38.11687,0.36881,100.6209,0,36.10318
2026-01-01 09:00:00,sensor-01,0.24356,36.10318,0.30624,100.89276,0,36.46377
2026-01-01 09:05:00,sensor-01,0.33127,36.46377,0.38027,100.73357,0,37.32426
2026-01-01 09:10:00,sensor-01,0.2203,37.32426,0.25949,101.07922,0,36.73151
2026-01-01 09:15:00,sensor-01,0.26338,36.73151,0.23862,100.877,0,35.64559
2026-01-01 09:20:00,sensor-01,0.17171,35.64559,0.23841,100.9377,0,35.83158
2026-01-01 09:25:00,sensor-01,0.16202,35.83158,0.2609,101.1616,0,37.81463
2026-01-01 09:30:00,sensor-01,0.36476,37.81463,0.30791,100.84292,0,36.12367
2026-01-01 09:35:00,sensor-01,0.25324,36.12367,0.27867,100.71901,0,37.14229
2026-01-01 09:40:00,sensor-01,0.28323,37.14229,0.33446,101.23396,0,37.21058
2026-01-01 09:45:00,sensor-01,0.37086,37.21058,0.27615,100.71787,0,36.50482
2026-01-01 09:50:00,sensor-01,0.26637,36.50482,0.30997,100.48112,0,37.76616
2026-01-01 09:55:00,sensor-01,0.33918,37.76616,0.31048,100.67278,0,39.46621
2026-01-01 10:00:00,sensor-01,0.52823,39.46621,0.3492,100.43314,0,38.21451
2026-01-01 10:05:00,sensor-01,0.49035,38.21451,0.31032,100.51831,0,38.89783
2026-01-01 10:10:00,sensor-01,0.54447,38.89783,0.46434,100.48322,0,39.36256
2026-01-01 10:15:00,sensor-01,0.60304,39.36256,0.37525,100.30679,0,39.02748
2026-01-01 10:20:00,sensor-01,0.49591,39.02748,0.39592,100.20318,0,38.75697
2026-01-01 10:25:00,sensor-01,0.54972,38.75697,0.48381,100.31062,0,39.79876
2026-01-01 10:30:00,sensor-01,0.64998,39.79876,0.3869,100.00353,0,40.03919
2026-01-01 10:35:00,sensor-01,0.59338,40.03919,0.48368,100.50048,0,40.07571
2026-01-01 10:40:00,sensor-01,0.7156,40.07571,0.46135,99.9599,0,40.39298
2026-01-01 10:45:00,sensor-01,0.70969,40.39298,0.48223,99.84174,0,41.79158
2026-01-01 10:50:00,sensor-01,0.89005,41.79158,0.51925,99.83612,0,41.48337
2026-01-01 10:55:00,sensor-01,0.77599,41.48337,0.48618,99.94541,0,39.35872
2026-01-01 11:00:00,sensor-01,0.70817,39.35872,0.46175,100.3365,0,47.26304
2026-01-01 11:05:00,sensor-01,0.78686,47.26304,0.87524,100.0114,1,42.02828
2026-01-01 11:10:00,sensor-01,0.95029,42.02828,0.57547,99.46876,0,41.67161
2026-01-01 11:15:00,sensor-01,0.91122,41.67161,0.5354,99.46371,0,41.43839
2026-01-01 11:20:00,sensor-01,0.76832,41.43839,0.51664,99.92908,0,40.51401
2026-01-01 11:25:00,sensor-01,0.807,40.51401,0.55206,99.54655,0,41.57031
2026-01-01 11:30:00,sensor-01,0.90857,41.57031,0.53463,99.59084,0,41.32721
2026-01-01 11:35:00,sensor-01,0.88889,41.32721,0.532,99.57408,0,40.35408
2026-01-01 11:40:00,sensor-01,0.7136,40.35408,0.52066,99.72395,0,42.31881
2026-01-01 11:45:00,sensor-01,0.86323,42.31881,0.56303,99.83639,0,40.95789
2026-01-01 11:50:00,sensor-01,0.82148,40.95789,0.57037,100.08606,0,39.85021
2026-01-01 11:55:00,sensor-01,0.64313,39.85021,0.46745,100.46969,0,40.07931
2026-01-01 12:00:00,sensor-01,0.71203,40.07931,0.4873,100.21815,0,40.8713
2026-01-01 12:05:00,sensor-01,0.72507,40.8713,0.52961,99.83104,0,37.91721
2026-01-01 12:10:00,sensor-01,0.51809,37.91721,0.35347,100.48861,0,39.2063
2026-01-01 12:15:00,sensor-01,0.51556,39.2063,0.41188,100.13706,0,37.9791
2026-01-01 12:20:00,sensor-01,0.37691,37.9791,0.35975,100.72178,0,38.59621
2026-01-01 12:25:00,sensor-01,0.49188,38.59621,0.34046,100.59582,0,38.03202
2026-01-01 12:30:00,sensor-01,0.46721,38.03202,0.41757,100.18396,0,37.96386
2026-01-01 12:35:00,sensor-01,0.39034,37.96386,0.34142,100.32985,0,37.87808
2026-01-01 12:40:00,sensor-01,0.36002,37.87808,0.3691,100.79383,0,37.09788
2026-01-01 12:45:00,sensor-01,0.26924,37.09788,0.34415,100.70698,0,36.37132
2026-01-01 12:50:00,sensor-01,0.24101,36.37132,0.26636,100.45952,0,36.72038
2026-01-01 12:55:00,sensor-01,0.29628,36.72038,0.28877,100.86883,0,37.36859
2026-01-01 13:00:00,sensor-01,0.23986,37.36859,0.31106,101.2858,0,44.30767
2026-01-01 13:05:00,sensor-01,0.26404,44.30767,0.61913,101.0831,1,36.7616
2026-01-01 13:10:00,sensor-01,0.31164,36.7616,0.32862,100.82357,0,37.32532
2026-01-01 13:15:00,sensor-01,0.28337,37.32532,0.26771,100.56355,0,36.04695
2026-01-01 13:20:00,sensor-01,0.26517,36.04695,0.30613,101.07375,0,35.94897
2026-01-01 13:25:00,sensor-01,0.25342,35.94897,0.30801,101.00467,0,36.91049
2026-01-01 13:30:00,sensor-01,0.25223,36.91049,0.2783,100.70885,0,36.78442
2026-01-01 13:35:00,sensor-01,0.23592,36.78442,0.22894,100.6617,0,36.68423
2026-01-01 13:40:00,sensor-01,0.32206,36.68423,0.32739,100.94904,0,37.12078
2026-01-01 13:45:00,sensor-01,0.27717,37.12078,0.32519,100.71404,0,36.03911
2026-01-01 13:50:00,sensor-01,0.2746,36.03911,0.31152,100.81169,0,37.30581
2026-01-01 13:55:00,sensor-01,0.37873,37.30581,0.347,101.06957,0,37.08546
2026-01-01 14:00:00,sensor-01,0.3787,37.08546,0.26916,100.47283,0,39.50609
2026-01-01 14:05:00,sensor-01,0.51867,39.50609,0.43412,100.26093,0,38.93343
2026-01-01 14:10:00,sensor-01,0.54705,38.93343,0.47298,100.15307,0,39.17445
2026-01-01 14:15:00,sensor-01,0.49883,39.17445,0.41135,100.34727,0,48.05473
2026-01-01 14:20:00,sensor-01,0.56044,48.05473,0.7207,100.51196,1,39.65321
2026-01-01 14:25:00,sensor-01,0.66914,39.65321,0.47413,99.97793,0,41.3003
2026-01-01 14:30:00,sensor-01,0.72065,41.3003,0.43445,99.66089,0,40.06861
2026-01-01 14:35:00,sensor-01,0.72904,40.06861,0.54682,99.85097,0,41.09183
2026-01-01 14:40:00,sensor-01,0.80176,41.09183,0.46702,99.86645,0,40.20289
2026-01-01 14:45:00,sensor-01,0.75838,40.20289,0.51059,100.05461,0,40.94821
2026-01-01 14:50:00,sensor-01,0.82093,40.94821,0.48912,99.92305,0,40.53862
2026-01-01 14:55:00,sensor-01,0.77705,40.53862,0.54412,99.95783,0,38.66161
2026-01-01 15:00:00,sensor-01,0.64427,38.66161,0.4579,100.16535,0,41.69639
2026-01-01 15:05:00,sensor-01,0.89525,41.69639,0.56025,99.70218,0,42.2269
2026-01-01 15:10:00,sensor-01,0.8583,42.2269,0.48429,100.24518,0,42.11001
2026-01-01 15:15:00,sensor-01,0.89699,42.11001,0.525,99.82618,0,42.29912
2026-01-01 15:20:00,sensor-01,0.90015,42.29912,0.55842,99.47728,0,41.15475
2026-01-01 15:25:00,sensor-01,0.89255,41.15475,0.56399,99.80445,0,41.9015
2026-01-01 15:30:00,sensor-01,0.88357,41.9015,0.60109,99.8673,0,40.62391
2026-01-01 15:35:00,sensor-01,0.7612,40.62391,0.53878,99.67869,0,40.76286
2026-01-01 15:40:00,sensor-01,0.82861,40.76286,0.50754,99.81701,0,39.44667
2026-01-01 15:45:00,sensor-01,0.61686,39.44667,0.49048,99.8406,0,39.94153
2026-01-01 15:50:00,sensor-01,0.79709,39.94153,0.50142,99.67529,0,40.39405
2026-01-01 15:55:00,sensor-01,0.63529,40.39405,0.41353,100.3062,0,40.45494
2026-01-01 16:00:00,sensor-01,0.82541,40.45494,0.48879,100.02712,0,39.56159
2026-01-01 16:05:00,sensor-01,0.58005,39.56159,0.4463,100.06676,0,39.50063
2026-01-01 16:10:00,sensor-01,0.51899,39.50063,0.39849,100.38646,0,39.33673
2026-01-01 16:15:00,sensor-01,0.57986,39.33673,0.35999,99.75926,0,37.41629
2026-01-01 16:20:00,sensor-01,0.51097,37.41629,0.40174,100.37279,0,38.89014
2026-01-01 16:25:00,sensor-01,0.49244,38.89014,0.39388,100.61313,0,38.90475
2026-01-01 16:30:00,sensor-01,0.54706,38.90475,0.41198,100.56826,0,38.95471
2026-01-01 16:35:00,sensor-01,0.51159,38.95471,0.40133,100.50531,0,37.66252
2026-01-01 16:40:00,sensor-01,0.43751,37.66252,0.3426,100.3141,0,37.47663
2026-01-01 16:45:00,sensor-01,0.33305,37.47663,0.33806,101.02077,0,37.84874
2026-01-01 16:50:00,sensor-01,0.30113,37.84874,0.26313,100.62815,0,36.03616
2026-01-01 16:55:00,sensor-01,0.29125,36.03616,0.26175,100.47833,0,36.28677
2026-01-01 17:00:00,sensor-01,0.19869,36.28677,0.2859,101.02427,0,37.35268
2026-01-01 17:05:00,sensor-01,0.29133,37.35268,0.32313,100.95736,0,36.33311
2026-01-01 17:10:00,sensor-01,0.28605,36.33311,0.32494,100.94858,0,36.44899
2026-01-01 17:15:00,sensor-01,0.13493,36.44899,0.32982,100.92594,0,36.8974
2026-01-01 17:20:00,sensor-01,0.17497,36.8974,0.25522,101.02988,0,38.24238
2026-01-01 17:25:00,sensor-01,0.28295,38.24238,0.28751,100.50901,0,37.22944
2026-01-01 17:30:00,sensor-01,0.31598,37.22944,0.36124,100.72152,0,37.20902
2026-01-01 17:35:00,sensor-01,0.25244,37.20902,0.28807,100.98796,0,36.89141
2026-01-01 17:40:00,sensor-01,0.38386,36.89141,0.35422,100.71656,0,38.25877
2026-01-01 17:45:00,sensor-01,0.34439,38.25877,0.33119,100.88356,0,37.15888
2026-01-01 17:50:00,sensor-01,0.40959,37.15888,0.35145,100.45161,0,37.33892
2026-01-01 17:55:00,sensor-01,0.34424,37.33892,0.28181,100.61164,0,38.593
2026-01-01 18:00:00,sensor-01,0.44912,38.593,0.36674,100.41022,0,38.11431
2026-01-01 18:05:00,sensor-01,0.43644,38.11431,0.38905,100.64346,0,38.79953
2026-01-01 18:10:00,sensor-01,0.5175,38.79953,0.35659,100.19074,0,39.67569
2026-01-01 18:15:00,sensor-01,0.59029,39.67569,0.41732,100.05486,0,38.82381
2026-01-01 18:20:00,sensor-01,0.61442,38.82381,0.40798,100.32005,0,40.86798
2026-01-01 18:25:00,sensor-01,0.71349,40.86798,0.4535,99.94318,0,40.33185
2026-01-01 18:30:00,sensor-01,0.72098,40.33185,0.46083,100.12207,0,40.57392
2026-01-01 18:35:00,sensor-01,0.81821,40.57392,0.54298,100.02665,0,39.30445
2026-01-01 18:40:00,sensor-01,0.64661,39.30445,0.47888,100.10259,0,39.93897
2026-01-01 18:45:00,sensor-01,0.6769,39.93897,0.39597,100.10746,0,41.37075
2026-01-01 18:50:00,sensor-01,0.82645,41.37075,0.4747,99.78979,0,40.49727
2026-01-01 18:55:00,sensor-01,0.78083,40.49727,0.48062,99.8832,0,40.86636
2026-01-01 19:00:00,sensor-01,0.82571,40.86636,0.56932,100.03453,0,40.47512
2026-01-01 19:05:00,sensor-01,0.83372,40.47512,0.46314,99.72882,0,40.79227
2026-01-01 19:10:00,sensor-01,0.7654,40.79227,0.54585,99.96165,0,40.20659
2026-01-01 19:15:00,sensor-01,0.81828,40.20659,0.44777,99.94552,0,41.38737
2026-01-01 19:20:00,sensor-01,0.88133,41.38737,0.55354,99.80917,0,41.43857
2026-01-01 19:25:00,sensor-01,0.80986,41.43857,0.54963,99.92265,0,41.44225
2026-01-01 19:30:00,sensor-01,0.83629,41.44225,0.50818,99.83285,0,41.42382
2026-01-01 19:35:00,sensor-01,0.88284,41.42382,0.50913,99.9146,0,42.11047
2026-01-01 19:40:00,sensor-01,0.88102,42.11047,0.5448,99.63913,0,39.60098
2026-01-01 19:45:00,sensor-01,0.79721,39.60098,0.52272,99.91105,0,41.34484
2026-01-01 19:50:00,sensor-01,0.78291,41.34484,0.50086,99.89,0,40.37073
2026-01-01 19:55:00,sensor-01,0.68585,40.37073,0.45517,99.97736,0,39.00044
2026-01-01 20:00:00,sensor-01,0.67527,39.00044,0.50421,99.9548,0,39.87391
2026-01-01 20:05:00,sensor-01,0.65061,39.87391,0.49049,100.02493,0,39.39405
2026-01-01 20:10:00,sensor-01,0.64113,39.39405,0.39167,99.98325,0,38.72743
2026-01-01 20:15:00,sensor-01,0.61326,38.72743,0.43944,100.09118,0,38.33188
2026-01-01 20:20:00,sensor-01,0.52738,38.33188,0.42637,100.50097,0,39.19707
2026-01-01 20:25:00,sensor-01,0.52407,39.19707,0.37059,100.39731,0,38.38188
2026-01-01 20:30:00,sensor-01,0.47179,38.38188,0.38179,100.41813,0,37.36853
2026-01-01 20:35:00,sensor-01,0.42634,37.36853,0.36078,100.52732,0,35.90867
2026-01-01 20:40:00,sensor-01,0.25066,35.90867,0.27439,100.7832,0,37.26669
2026-01-01 20:45:00,sensor-01,0.29478,37.26669,0.27671,100.62233,0,38.20479
2026-01-01 20:50:00,sensor-01,0.43792,38.20479,0.35438,100.25501,0,36.69688
2026-01-01 20:55:00,sensor-01,0.25686,36.69688,0.26577,100.86254,0,36.99869
2026-01-01 21:00:00,sensor-01,0.31817,36.99869,0.35211,100.78617,0,35.21809
2026-01-01 21:05:00,sensor-01,0.15866,35.21809,0.23556,100.71074,0,36.56198
2026-01-01 21:10:00,sensor-01,0.30385,36.56198,0.37719,100.7261,0,37.23661
2026-01-01 21:15:00,sensor-01,0.24569,37.23661,0.32108,100.68584,0,36.54037
2026-01-01 21:20:00,sensor-01,0.30339,36.54037,0.39681,100.79589,0,36.25991
2026-01-01 21:25:00,sensor-01,0.31957,36.25991,0.2796,100.68782,0,37.84232
2026-01-01 21:30:00,sensor-01,0.38619,37.84232,0.35416,100.50305,0,37.76898
2026-01-01 21:35:00,sensor-01,0.29533,37.76898,0.35087,100.72016,0,36.77614
2026-01-01 21:40:00,sensor-01,0.35642,36.77614,0.42516,100.8547,0,35.31399
2026-01-01 21:45:00,sensor-01,0.24818,35.31399,0.34717,101.04417,0,36.58757
2026-01-01 21:50:00,sensor-01,0.29916,36.58757,0.3238,101.03519,0,36.95688
2026-01-01 21:55:00,sensor-01,0.34987,36.95688,0.317,100.62167,0,38.13502
2026-01-01 22:00:00,sensor-01,0.45811,38.13502,0.4156,100.79092,0,39.14511
2026-01-01 22:05:00,sensor-01,0.57685,39.14511,0.3866,100.25393,0,37.48451
2026-01-01 22:10:00,sensor-01,0.42332,37.48451,0.31209,100.50565,0,39.37373
2026-01-01 22:15:00,sensor-01,0.58786,39.37373,0.43987,100.16956,0,38.92572
2026-01-01 22:20:00,sensor-01,0.58599,38.92572,0.42737,100.3241,0,38.50265
2026-01-01 22:25:00,sensor-01,0.61695,38.50265,0.46632,100.2785,0,40.89392
2026-01-01 22:30:00,sensor-01,0.75936,40.89392,0.55923,99.99172,0,40.19262
2026-01-01 22:35:00,sensor-01,0.60983,40.19262,0.45714,100.1985,0,40.81822
2026-01-01 22:40:00,sensor-01,0.7508,40.81822,0.48793,99.71674,0,40.5033
2026-01-01 22:45:00,sensor-01,0.7548,40.5033,0.43749,99.7575,0,40.8311
2026-01-01 22:50:00,sensor-01,0.76849,40.8311,0.54957,99.90366,0,42.37381
2026-01-01 22:55:00,sensor-01,0.90073,42.37381,0.54334,99.63747,0,40.48522
2026-01-01 23:00:00,sensor-01,0.87488,40.48522,0.55678,99.81063,0,40.73207
2026-01-01 23:05:00,sensor-01,0.87874,40.73207,0.57492,99.72035,0,40.97145
2026-01-01 23:10:00,sensor-01,0.7653,40.97145,0.48576,99.81747,0,41.25214
2026-01-01 23:15:00,sensor-01,0.80289,41.25214,0.4905,100.09726,0,43.12993
2026-01-01 23:20:00,sensor-01,0.99859,43.12993,0.68301,99.61731,0,40.98156
2026-01-01 23:25:00,sensor-01,0.91789,40.98156,0.56559,99.81546,0,40.73027
2026-01-01 23:30:00,sensor-01,0.78298,40.73027,0.48657,99.83155,0,41.18568
2026-01-01 23:35:00,sensor-01,0.8614,41.18568,0.51626,99.85164,0,40.3702
2026-01-01 23:40:00,sensor-01,0.78061,40.3702,0.56185,99.85327,0,40.80928
2026-01-01 23:45:00,sensor-01,0.73364,40.80928,0.50294,100.0949,0,40.06243
2026-01-01 23:50:00,sensor-01,0.79044,40.06243,0.48955,100.01001,0,41.22842
2026-01-01 00:00:00,sensor-02,0.66047,39.87834,0.49498,100.17498,0,40.47713
2026-01-01 00:05:00,sensor-02,0.66864,40.47713,0.46766,100.12281,0,40.42975
2026-01-01 00:10:00,sensor-02,0.63708,40.42975,0.4111,100.28321,0,40.67874
2026-01-01 00:15:00,sensor-02,0.59415,40.67874,0.46406,100.24937,0,40.18905
2026-01-01 00:20:00,sensor-02,0.6353,40.18905,0.43086,100.02616,0,38.34595
2026-01-01 00:25:00,sensor-02,0.55094,38.34595,0.42583,100.45711,0,38.56375
2026-01-01 00:30:00,sensor-02,0.47955,38.56375,0.34276,100.75811,0,37.46704
2026-01-01 00:35:00,sensor-02,0.39173,37.46704,0.38709,100.69947,0,39.01789
2026-01-01 00:40:00,sensor-02,0.43736,39.01789,0.37437,100.38476,0,39.49407
2026-01-01 00:45:00,sensor-02,0.4713,39.49407,0.35333,100.20802,0,38.18809
2026-01-01 00:50:00,sensor-02,0.36348,38.18809,0.31717,100.56617,0,37.61779
2026-01-01 00:55:00,sensor-02,0.31939,37.61779,0.32963,100.54394,0,37.46471
2026-01-01 01:00:00,sensor-02,0.30337,37.46471,0.28047,100.51855,0,37.95264
2026-01-01 01:05:00,sensor-02,0.29147,37.95264,0.35949,100.89378,0,36.39698
2026-01-01 01:10:00,sensor-02,0.1746,36.39698,0.22262,100.66165,0,37.18921
2026-01-01 01:15:00,sensor-02,0.23661,37.18921,0.24213,101.01371,0,36.44624
2026-01-01 01:20:00,sensor-02,0.21522,36.44624,0.27027,101.05095,0,37.64446
2026-01-01 01:25:00,sensor-02,0.26682,37.64446,0.24197,100.51615,0,37.35741
2026-01-01 01:30:00,sensor-02,0.33473,37.35741,0.31879,100.4725,0,36.94939
2026-01-01 01:35:00,sensor-02,0.27576,36.94939,0.28141,100.98657,0,37.58526
2026-01-01 01:40:00,sensor-02,0.22857,37.58526,0.36008,101.02166,0,37.54368
2026-01-01 01:45:00,sensor-02,0.37329,37.54368,0.30218,100.33371,0,38.46259
2026-01-01 01:50:00,sensor-02,0.35145,38.46259,0.3252,100.64301,0,38.08883
2026-01-01 01:55:00,sensor-02,0.38812,38.08883,0.38353,100.81758,0,39.58278
2026-01-01 02:00:00,sensor-02,0.45782,39.58278,0.43107,100.48988,0,37.7814
2026-01-01 02:05:00,sensor-02,0.32974,37.7814,0.31953,100.31313,0,39.44775
2026-01-01 02:10:00,sensor-02,0.56069,39.44775,0.41588,100.06445,0,38.45042
2026-01-01 02:15:00,sensor-02,0.38094,38.45042,0.26989,100.67299,0,38.80351
2026-01-01 02:20:00,sensor-02,0.53472,38.80351,0.38537,100.47651,0,39.75047
2026-01-01 02:25:00,sensor-02,0.63739,39.75047,0.48932,100.07096,0,39.30559
2026-01-01 02:30:00,sensor-02,0.57076,39.30559,0.4063,100.51504,0,41.19038
2026-01-01 02:35:00,sensor-02,0.69022,41.19038,0.47472,100.19959,0,40.18797
2026-01-01 02:40:00,sensor-02,0.73645,40.18797,0.50657,99.95896,0,40.61285
2026-01-01 02:45:00,sensor-02,0.71063,40.61285,0.50469,99.77893,0,40.24225
2026-01-01 02:50:00,sensor-02,0.68456,40.24225,0.44082,100.09402,0,42.10451
2026-01-01 02:55:00,sensor-02,0.83528,42.10451,0.47885,99.3485,0,40.86119
2026-01-01 03:00:00,sensor-02,0.76789,40.86119,0.45796,99.81031,0,40.10331
2026-01-01 03:05:00,sensor-02,0.6851,40.10331,0.46199,100.32853,0,42.92067
2026-01-01 03:10:00,sensor-02,0.95367,42.92067,0.5727,99.48948,0,41.34678
2026-01-01 03:15:00,sensor-02,0.93893,41.34678,0.55276,99.64018,0,41.58175
2026-01-01 03:20:00,sensor-02,0.81558,41.58175,0.54576,99.66489,0,41.27642
2026-01-01 03:25:00,sensor-02,0.78767,41.27642,0.49498,99.98031,0,42.56066
2026-01-01 03:30:00,sensor-02,0.93047,42.56066,0.60579,99.8298,0,40.22689
2026-01-01 03:35:00,sensor-02,0.76419,40.22689,0.47731,99.74119,0,42.10529
2026-01-01 03:40:00,sensor-02,0.92393,42.10529,0.56101,99.83636,0,42.01139
2026-01-01 03:45:00,sensor-02,0.8313,42.01139,0.50855,99.90391,0,40.82488
2026-01-01 03:50:00,sensor-02,0.79596,40.82488,0.47112,99.99637,0,41.08741
2026-01-01 03:55:00,sensor-02,0.72433,41.08741,0.49933,99.86118,0,39.7183
2026-01-01 04:00:00,sensor-02,0.72632,39.7183,0.48689,99.95408,0,40.57893
2026-01-01 04:05:00,sensor-02,0.70269,40.57893,0.48771,100.20486,0,40.97741
2026-01-01 04:10:00,sensor-02,0.68353,40.97741,0.47506,100.23665,0,40.76871
2026-01-01 04:15:00,sensor-02,0.60941,40.76871,0.44507,100.25624,0,38.8363
2026-01-01 04:20:00,sensor-02,0.51415,38.8363,0.40009,100.44277,0,39.55867
2026-01-01 04:25:00,sensor-02,0.58933,39.55867,0.46435,100.41387,0,38.55048
2026-01-01 04:30:00,sensor-02,0.47247,38.55048,0.41298,100.66947,0,38.81861
2026-01-01 04:35:00,sensor-02,0.39006,38.81861,0.34079,100.25587,0,39.39931
2026-01-01 04:40:00,sensor-02,0.59311,39.39931,0.41599,100.3527,0,37.39605
2026-01-01 04:45:00,sensor-02,0.35247,37.39605,0.29352,100.69979,0,38.66816
2026-01-01 04:50:00,sensor-02,0.34285,38.66816,0.32461,100.85534,0,36.69613
2026-01-01 04:55:00,sensor-02,0.26539,36.69613,0.2582,101.2939,0,37.71169
2026-01-01 05:00:00,sensor-02,0.3138,37.71169,0.31202,100.63387,0,37.92569
2026-01-01 05:05:00,sensor-02,0.27546,37.92569,0.29803,100.78317,0,36.60103
2026-01-01 05:10:00,sensor-02,0.22252,36.60103,0.29196,100.7959,0,37.18054
2026-01-01 05:15:00,sensor-02,0.21052,37.18054,0.25591,100.81759,0,37.04233
2026-01-01 05:20:00,sensor-02,0.28116,37.04233,0.27695,100.81949,0,37.07327
2026-01-01 05:25:00,sensor-02,0.25162,37.07327,0.25014,100.95085,0,36.22355
2026-01-01 05:30:00,sensor-02,0.25471,36.22355,0.27175,100.96887,0,36.53231
2026-01-01 05:35:00,sensor-02,0.28768,36.53231,0.31387,100.90846,0,36.4095
2026-01-01 05:40:00,sensor-02,0.16933,36.4095,0.18337,100.81192,0,37.9429
2026-01-01 05:45:00,sensor-02,0.37283,37.9429,0.31945,100.56977,0,38.30108
2026-01-01 05:50:00,sensor-02,0.38093,38.30108,0.35406,100.89348,0,37.4287
2026-01-01 05:55:00,sensor-02,0.40888,37.4287,0.38043,100.54282,0,36.91688
2026-01-01 06:00:00,sensor-02,0.17414,36.91688,0.25907,100.7178,0,40.25245
2026-01-01 06:05:00,sensor-02,0.48872,40.25245,0.39172,100.56772,0,38.43999
2026-01-01 06:10:00,sensor-02,0.39165,38.43999,0.32709,100.5851,0,38.94806
2026-01-01 06:15:00,sensor-02,0.42618,38.94806,0.33478,100.46256,0,37.79737
2026-01-01 06:20:00,sensor-02,0.46618,37.79737,0.40191,100.29801,0,40.4904
2026-01-01 06:25:00,sensor-02,0.59212,40.4904,0.43163,100.46597,0,40.63328
2026-01-01 06:30:00,sensor-02,0.63442,40.63328,0.45726,100.60098,0,40.75544
2026-01-01 06:35:00,sensor-02,0.72359,40.75544,0.56641,99.90361,0,38.77424
2026-01-01 06:40:00,sensor-02,0.62052,38.77424,0.41919,100.16054,0,39.0825
2026-01-01 06:45:00,sensor-02,0.61539,39.0825,0.4552,99.93451,0,40.22486
2026-01-01 06:50:00,sensor-02,0.8128,40.22486,0.49453,100.48872,0,41.24715
2026-01-01 06:55:00,sensor-02,0.781,41.24715,0.48178,100.13905,0,41.94522
2026-01-01 07:00:00,sensor-02,0.80336,41.94522,0.53044,99.65781,0,41.37545
2026-01-01 07:05:00,sensor-02,0.81951,41.37545,0.49898,100.17075,0,41.86067
2026-01-01 07:10:00,sensor-02,0.86874,41.86067,0.5616,100.03072,0,41.65686
2026-01-01 07:15:00,sensor-02,0.784,41.65686,0.49712,100.05123,0,40.57952
2026-01-01 07:20:00,sensor-02,0.79136,40.57952,0.4325,99.85085,0,41.7084
2026-01-01 07:25:00,sensor-02,0.80424,41.7084,0.54162,99.77619,0,41.96599
2026-01-01 07:30:00,sensor-02,0.86161,41.96599,0.51422,99.8478,0,41.88411
2026-01-01 07:35:00,sensor-02,0.9244,41.88411,0.57178,99.41549,0,41.63498
2026-01-01 07:40:00,sensor-02,0.88074,41.63498,0.5219,99.67836,0,41.54303
2026-01-01 07:45:00,sensor-02,0.76203,41.54303,0.54312,100.2395,0,40.30418
2026-01-01 07:50:00,sensor-02,0.66966,40.30418,0.40568,100.03658,0,40.37134
2026-01-01 07:55:00,sensor-02,0.70135,40.37134,0.49739,100.28365,0,40.62382
2026-01-01 08:00:00,sensor-02,0.68175,40.62382,0.43423,100.07714,0,38.94701
2026-01-01 08:05:00,sensor-02,0.61825,38.94701,0.4407,99.98341,0,38.85789
2026-01-01 08:10:00,sensor-02,0.66076,38.85789,0.49583,100.18261,0,39.67223
2026-01-01 08:15:00,sensor-02,0.63733,39.67223,0.43828,100.30097,0,40.15907
2026-01-01 08:20:00,sensor-02,0.59452,40.15907,0.45684,100.3488,0,38.63422
2026-01-01 08:25:00,sensor-02,0.45212,38.63422,0.35806,100.36684,0,39.45836
2026-01-01 08:30:00,sensor-02,0.56002,39.45836,0.43408,100.28269,0,39.09464
2026-01-01 08:35:00,sensor-02,0.39438,39.09464,0.3825,100.29907,0,38.97219
2026-01-01 08:40:00,sensor-02,0.52174,38.97219,0.46022,100.34987,0,37.22492
2026-01-01 08:45:00,sensor-02,0.31251,37.22492,0.29993,100.45904,0,36.79281
2026-01-01 08:50:00,sensor-02,0.31934,36.79281,0.24238,100.56317,0,37.99054
2026-01-01 08:55:00,sensor-02,0.33683,37.99054,0.37857,100.60676,0,38.16657
2026-01-01 09:00:00,sensor-02,0.33378,38.16657,0.30957,100.69804,0,35.75796
2026-01-01 09:05:00,sensor-02,0.22366,35.75796,0.27145,101.01447,0,36.73785
2026-01-01 09:10:00,sensor-02,0.2388,36.73785,0.24795,101.18375,0,36.57313
2026-01-01 09:15:00,sensor-02,0.24034,36.57313,0.27225,100.71818,0,37.23491
2026-01-01 09:20:00,sensor-02,0.29589,37.23491,0.30113,100.8054,0,37.51634
2026-01-01 09:25:00,sensor-02,0.21633,37.51634,0.23744,100.93749,0,38.57706
2026-01-01 09:30:00,sensor-02,0.36318,38.57706,0.32775,100.83966,0,38.12296
2026-01-01 09:35:00,sensor-02,0.28656,38.12296,0.3061,100.74602,0,37.45093
2026-01-01 09:40:00,sensor-02,0.23482,37.45093,0.32357,100.72849,0,37.69103
2026-01-01 09:45:00,sensor-02,0.31832,37.69103,0.24713,100.70606,0,37.87166
2026-01-01 09:50:00,sensor-02,0.38403,37.87166,0.30485,100.69044,0,39.61138
2026-01-01 09:55:00,sensor-02,0.45822,39.61138,0.35942,100.50977,0,38.52897
2026-01-01 10:00:00,sensor-02,0.43879,38.52897,0.36172,100.22539,0,38.76504
2026-01-01 10:05:00,sensor-02,0.462,38.76504,0.34681,100.58062,0,37.34964
2026-01-01 10:10:00,sensor-02,0.47859,37.34964,0.38882,100.16827,0,38.8624
2026-01-01 10:15:00,sensor-02,0.6053,38.8624,0.38698,100.49539,0,39.24645
2026-01-01 10:20:00,sensor-02,0.63817,39.24645,0.40333,99.9775,0,40.30126
2026-01-01 10:25:00,sensor-02,0.69965,40.30126,0.44477,99.94331,0,39.79145
2026-01-01 10:30:00,sensor-02,0.64597,39.79145,0.45521,100.10799,0,40.06077
2026-01-01 10:35:00,sensor-02,0.62201,40.06077,0.43414,100.05951,0,39.28601
2026-01-01 10:40:00,sensor-02,0.68244,39.28601,0.48924,100.07719,0,40.83923
2026-01-01 10:45:00,sensor-02,0.68404,40.83923,0.48355,100.111,0,39.07978
2026-01-01 10:50:00,sensor-02,0.62861,39.07978,0.39196,100.26285,0,41.67167
2026-01-01 10:55:00,sensor-02,0.92147,41.67167,0.5307,99.82924,0,41.12583
2026-01-01 11:00:00,sensor-02,0.80504,41.12583,0.53923,99.76051,0,40.64281
2026-01-01 11:05:00,sensor-02,0.8451,40.64281,0.58085,99.84315,0,40.68904
2026-01-01 11:10:00,sensor-02,0.84694,40.68904,0.55073,99.90832,0,42.41544
2026-01-01 11:15:00,sensor-02,0.90836,42.41544,0.61177,99.49307,0,42.49294
2026-01-01 11:20:00,sensor-02,0.87099,42.49294,0.57263,99.60975,0,43.07846
2026-01-01 11:25:00,sensor-02,0.92261,43.07846,0.601,99.77659,0,42.27592
2026-01-01 11:30:00,sensor-02,0.91583,42.27592,0.47272,99.60509,0,41.02702
2026-01-01 11:35:00,sensor-02,0.78483,41.02702,0.5174,100.09857,0,42.10438
2026-01-01 11:40:00,sensor-02,0.87103,42.10438,0.53309,99.8381,0,41.58392
2026-01-01 11:45:00,sensor-02,0.89526,41.58392,0.53077,99.1621,0,39.79804
2026-01-01 11:50:00,sensor-02,0.71899,39.79804,0.52527,100.00326,0,39.73004
2026-01-01 11:55:00,sensor-02,0.77392,39.73004,0.48079,99.9694,0,39.91448
2026-01-01 12:00:00,sensor-02,0.59782,39.91448,0.44106,99.99752,0,39.26296
2026-01-01 12:05:00,sensor-02,0.68358,39.26296,0.48919,100.12183,0,40.8989
2026-01-01 12:10:00,sensor-02,0.71755,40.8989,0.45921,100.05119,0,38.15584
2026-01-01 12:15:00,sensor-02,0.52028,38.15584,0.40676,100.58908,0,38.82043
2026-01-01 12:20:00,sensor-02,0.57032,38.82043,0.43053,100.41462,0,38.69742
2026-01-01 12:25:00,sensor-02,0.46604,38.69742,0.4206,100.35231,0,39.20081
2026-01-01 12:30:00,sensor-02,0.47498,39.20081,0.40868,100.4454,0,38.98825
2026-01-01 12:35:00,sensor-02,0.48519,38.98825,0.39791,100.10706,0,37.84662
2026-01-01 12:40:00,sensor-02,0.43801,37.84662,0.33458,100.59639,0,38.34762
2026-01-01 12:45:00,sensor-02,0.39834,38.34762,0.30016,100.53908,0,36.67167
2026-01-01 12:50:00,sensor-02,0.23304,36.67167,0.27548,100.94016,0,37.36749
2026-01-01 12:55:00,sensor-02,0.19995,37.36749,0.24894,101.18304,0,38.44062
2026-01-01 13:00:00,sensor-02,0.31856,38.44062,0.29179,100.57756,0,37.28976
2026-01-01 13:05:00,sensor-02,0.34663,37.28976,0.36079,100.64036,0,36.71492
2026-01-01 13:10:00,sensor-02,0.27565,36.71492,0.2943,100.80412,0,37.84372
2026-01-01 13:15:00,sensor-02,0.29039,37.84372,0.29776,100.69756,0,36.80318
2026-01-01 13:20:00,sensor-02,0.3442,36.80318,0.3564,100.86607,0,36.73564
2026-01-01 13:25:00,sensor-02,0.28334,36.73564,0.28987,100.75707,0,35.7547
2026-01-01 13:30:00,sensor-02,0.15906,35.7547,0.30567,101.31569,0,36.23566
2026-01-01 13:35:00,sensor-02,0.21712,36.23566,0.29047,100.71313,0,37.48635
2026-01-01 13:40:00,sensor-02,0.33941,37.48635,0.35215,100.62286,0,36.68423
2026-01-01 13:45:00,sensor-02,0.29179,36.68423,0.33137,100.90863,0,36.83333
2026-01-01 13:50:00,sensor-02,0.28425,36.83333,0.3168,100.64646,0,38.13962
2026-01-01 13:55:00,sensor-02,0.35086,38.13962,0.36204,100.52329,0,37.40921
2026-01-01 14:00:00,sensor-02,0.37837,37.40921,0.3583,100.86554,0,37.29758
2026-01-01 14:05:00,sensor-02,0.48751,37.29758,0.39344,100.9998,0,39.5139
2026-01-01 14:10:00,sensor-02,0.57363,39.5139,0.38439,100.16236,0,45.06075
2026-01-01 14:15:00,sensor-02,0.49603,45.06075,0.77726,100.23265,1,39.05524
2026-01-01 14:20:00,sensor-02,0.52456,39.05524,0.38587,99.94358,0,39.67307
2026-01-01 14:25:00,sensor-02,0.5653,39.67307,0.3821,100.33811,0,39.92932
2026-01-01 14:30:00,sensor-02,0.62163,39.92932,0.4098,100.48128,0,41.09507
2026-01-01 14:35:00,sensor-02,0.75011,41.09507,0.52477,99.81683,0,39.44931
2026-01-01 14:40:00,sensor-02,0.61981,39.44931,0.42634,99.99387,0,39.50976
2026-01-01 14:45:00,sensor-02,0.56903,39.50976,0.3818,100.23481,0,41.86111
2026-01-01 14:50:00,sensor-02,0.83145,41.86111,0.52946,99.82929,0,40.07741
2026-01-01 14:55:00,sensor-02,0.80536,40.07741,0.51199,99.58143,0,40.57578
2026-01-01 15:00:00,sensor-02,0.7887,40.57578,0.49521,99.72525,0,41.4772
2026-01-01 15:05:00,sensor-02,0.77958,41.4772,0.53736,99.8596,0,41.71794
2026-01-01 15:10:00,sensor-02,0.84113,41.71794,0.53597,99.97102,0,42.33916
2026-01-01 15:15:00,sensor-02,0.9159,42.33916,0.53834,99.72385,0,43.46842
2026-01-01 15:20:00,sensor-02,0.9595,43.46842,0.56146,99.68676,0,42.09584
2026-01-01 15:25:00,sensor-02,0.89942,42.09584,0.54054,99.76206,0,41.93817
2026-01-01 15:30:00,sensor-02,0.90506,41.93817,0.58252,99.42133,0,41.00887
2026-01-01 15:35:00,sensor-02,0.88169,41.00887,0.60015,99.8914,0,41.83776
2026-01-01 15:40:00,sensor-02,0.90507,41.83776,0.62353,100.04277,0,40.0718
2026-01-01 15:45:00,sensor-02,0.70657,40.0718,0.50298,100.04179,0,40.6106
2026-01-01 15:50:00,sensor-02,0.73422,40.6106,0.48566,100.04959,0,39.25567
2026-01-01 15:55:00,sensor-02,0.74888,39.25567,0.48003,100.02209,0,40.94996
2026-01-01 16:00:00,sensor-02,0.76696,40.94996,0.52995,100.25973,0,40.66882
2026-01-01 16:05:00,sensor-02,0.70724,40.66882,0.45207,99.88945,0,40.16972
2026-01-01 16:10:00,sensor-02,0.65536,40.16972,0.4787,100.07004,0,39.9673
2026-01-01 16:15:00,sensor-02,0.62627,39.9673,0.38909,100.27336,0,38.58105
2026-01-01 16:20:00,sensor-02,0.65101,38.58105,0.45993,100.55187,0,39.65533
2026-01-01 16:25:00,sensor-02,0.6146,39.65533,0.41867,100.48364,0,39.74279
2026-01-01 16:30:00,sensor-02,0.52852,39.74279,0.42476,100.13188,0,38.55995
2026-01-01 16:35:00,sensor-02,0.51184,38.55995,0.40898,100.45375,0,38.01246
2026-01-01 16:40:00,sensor-02,0.42279,38.01246,0.37001,100.44011,0,37.79435
2026-01-01 16:45:00,sensor-02,0.42589,37.79435,0.32564,100.35331,0,37.22634
2026-01-01 16:50:00,sensor-02,0.30992,37.22634,0.24843,100.88878,0,37.72618
2026-01-01 16:55:00,sensor-02,0.36225,37.72618,0.34635,100.53764,0,36.7727
2026-01-01 17:00:00,sensor-02,0.32505,36.7727,0.33795,100.55271,0,37.87971
2026-01-01 17:05:00,sensor-02,0.33128,37.87971,0.35303,100.79411,0,38.08788
2026-01-01 17:10:00,sensor-02,0.30516,38.08788,0.34138,100.73848,0,35.88679
2026-01-01 17:15:00,sensor-02,0.14152,35.88679,0.23436,101.54305,0,36.32182
2026-01-01 17:20:00,sensor-02,0.21057,36.32182,0.3022,101.09221,0,37.08839
2026-01-01 17:25:00,sensor-02,0.27652,37.08839,0.27537,100.61116,0,37.74107
2026-01-01 17:30:00,sensor-02,0.33055,37.74107,0.34239,100.35408,0,36.75997
2026-01-01 17:35:00,sensor-02,0.32078,36.75997,0.31392,100.7625,0,36.77167
2026-01-01 17:40:00,sensor-02,0.29345,36.77167,0.27547,100.67537,0,36.98912
2026-01-01 17:45:00,sensor-02,0.31632,36.98912,0.29793,100.59749,0,36.76471
2026-01-01 17:50:00,sensor-02,0.34606,36.76471,0.34436,100.64021,0,37.19498
2026-01-01 17:55:00,sensor-02,0.33861,37.19498,0.35557,100.58396,0,37.4266
2026-01-01 18:00:00,sensor-02,0.40714,37.4266,0.35288,100.47065,0,38.73878
2026-01-01 18:05:00,sensor-02,0.48149,38.73878,0.37259,100.4555,0,38.7415
2026-01-01 18:10:00,sensor-02,0.53081,38.7415,0.45874,100.36332,0,38.02859
2026-01-01 18:15:00,sensor-02,0.41274,38.02859,0.3877,100.47587,0,39.44496
2026-01-01 18:20:00,sensor-02,0.50535,39.44496,0.30249,100.57083,0,40.45444
2026-01-01 18:25:00,sensor-02,0.6034,40.45444,0.43891,100.33933,0,40.10652
2026-01-01 18:30:00,sensor-02,0.59277,40.10652,0.41412,100.32396,0,39.70198
2026-01-01 18:35:00,sensor-02,0.56855,39.70198,0.41416,100.20118,0,39.29697
2026-01-01 18:40:00,sensor-02,0.64071,39.29697,0.4195,100.09612,0,40.42647
2026-01-01 18:45:00,sensor-02,0.69526,40.42647,0.4223,100.22988,0,40.20456
2026-01-01 18:50:00,sensor-02,0.73905,40.20456,0.49099,99.78891,0,41.80256
2026-01-01 18:55:00,sensor-02,0.83785,41.80256,0.51735,99.6412,0,40.66779
2026-01-01 19:00:00,sensor-02,0.7894,40.66779,0.49873,100.01332,0,41.9641
2026-01-01 19:05:00,sensor-02,0.88328,41.9641,0.52263,99.66789,0,41.42426
2026-01-01 19:10:00,sensor-02,0.876,41.42426,0.56757,99.73136,0,41.44705
2026-01-01 19:15:00,sensor-02,0.82526,41.44705,0.52822,99.87601,0,41.90741
2026-01-01 19:20:00,sensor-02,0.81453,41.90741,0.44139,99.62128,0,42.07954
2026-01-01 19:25:00,sensor-02,0.89197,42.07954,0.57443,99.7156,0,41.65934
2026-01-01 19:30:00,sensor-02,0.84457,41.65934,0.5457,99.73611,0,42.22423
2026-01-01 19:35:00,sensor-02,0.92975,42.22423,0.58779,99.79447,0,40.2986
2026-01-01 19:40:00,sensor-02,0.73314,40.2986,0.46283,99.56967,0,39.87983
2026-01-01 19:45:00,sensor-02,0.76529,39.87983,0.53924,99.97379,0,40.42869
2026-01-01 19:50:00,sensor-02,0.71335,40.42869,0.45015,100.0337,0,40.30744
2026-01-01 19:55:00,sensor-02,0.72895,40.30744,0.50479,100.2258,0,40.30217
2026-01-01 20:00:00,sensor-02,0.69349,40.30217,0.43859,100.23463,0,40.94584
2026-01-01 20:05:00,sensor-02,0.77351,40.94584,0.50826,99.91233,0,40.04685
2026-01-01 20:10:00,sensor-02,0.65914,40.04685,0.40059,100.31239,0,40.94419
2026-01-01 20:15:00,sensor-02,0.7816,40.94419,0.4613,99.6088,0,39.84463
2026-01-01 20:20:00,sensor-02,0.60694,39.84463,0.49679,100.11407,0,38.14306
2026-01-01 20:25:00,sensor-02,0.51676,38.14306,0.39245,100.34805,0,39.52149
2026-01-01 20:30:00,sensor-02,0.51995,39.52149,0.3612,100.16153,0,38.26961
2026-01-01 20:35:00,sensor-02,0.42305,38.26961,0.39601,100.45266,0,38.63027
2026-01-01 20:40:00,sensor-02,0.45213,38.63027,0.40033,100.30418,0,38.49156
2026-01-01 20:45:00,sensor-02,0.5107,38.49156,0.44723,100.69166,0,36.1845
2026-01-01 20:50:00,sensor-02,0.28854,36.1845,0.28432,100.88225,0,37.37805
2026-01-01 20:55:00,sensor-02,0.33496,37.37805,0.27999,100.76868,0,37.5508
2026-01-01 21:00:00,sensor-02,0.28919,37.5508,0.24423,100.90709,0,35.89562
2026-01-01 21:05:00,sensor-02,0.22053,35.89562,0.27888,101.03091,0,36.43961
2026-01-01 21:10:00,sensor-02,0.22859,36.43961,0.29806,101.1678,0,36.23662
2026-01-01 21:15:00,sensor-02,0.27314,36.23662,0.26058,100.83813,0,35.98022
2026-01-01 21:20:00,sensor-02,0.19443,35.98022,0.27062,101.00531,0,37.67742
2026-01-01 21:25:00,sensor-02,0.23335,37.67742,0.28483,100.98228,0,36.08607
2026-01-01 21:30:00,sensor-02,0.22259,36.08607,0.2854,101.18541,0,36.91516
2026-01-01 21:35:00,sensor-02,0.1854,36.91516,0.28908,101.07305,0,36.55544
2026-01-01 21:40:00,sensor-02,0.28592,36.55544,0.33561,100.76482,0,37.09246
2026-01-01 21:45:00,sensor-02,0.2913,37.09246,0.32916,100.45408,0,39.8366
2026-01-01 21:50:00,sensor-02,0.51426,39.8366,0.34146,100.48528,0,36.72634
2026-01-01 21:55:00,sensor-02,0.26233,36.72634,0.29426,100.8298,0,38.38954
2026-01-01 22:00:00,sensor-02,0.37522,38.38954,0.34667,100.70585,0,38.96547
2026-01-01 22:05:00,sensor-02,0.38117,38.96547,0.39699,100.30329,0,38.29459
2026-01-01 22:10:00,sensor-02,0.47319,38.29459,0.40231,100.55341,0,38.57469
2026-01-01 22:15:00,sensor-02,0.45245,38.57469,0.39241,100.74437,0,38.40823
2026-01-01 22:20:00,sensor-02,0.49681,38.40823,0.3778,100.21503,0,39.25973
2026-01-01 22:25:00,sensor-02,0.62526,39.25973,0.46087,100.19687,0,40.12624
2026-01-01 22:30:00,sensor-02,0.6712,40.12624,0.43022,100.43409,0,40.25943
2026-01-01 22:35:00,sensor-02,0.66412,40.25943,0.44901,100.13864,0,41.19094
2026-01-01 22:40:00,sensor-02,0.73584,41.19094,0.51896,100.00294,0,39.63707
2026-01-01 22:45:00,sensor-02,0.66584,39.63707,0.38016,100.04554,0,41.1545
2026-01-01 22:50:00,sensor-02,0.7864,41.1545,0.46499,100.137,0,41.46462
2026-01-01 22:55:00,sensor-02,0.83366,41.46462,0.5624,99.7023,0,40.12385
2026-01-01 23:00:00,sensor-02,0.74203,40.12385,0.44016,99.66328,0,40.75407
2026-01-01 23:05:00,sensor-02,0.78663,40.75407,0.47297,99.91051,0,41.29259
2026-01-01 23:10:00,sensor-02,0.86808,41.29259,0.55749,99.62911,0,41.35219
2026-01-01 23:15:00,sensor-02,0.74341,41.35219,0.47254,99.81025,0,41.04613
2026-01-01 23:20:00,sensor-02,0.79119,41.04613,0.57126,99.84142,0,42.11586
2026-01-01 23:25:00,sensor-02,0.95413,42.11586,0.57805,99.86822,0,40.7037
2026-01-01 23:30:00,sensor-02,0.83388,40.7037,0.51422,99.63835,0,40.19376
2026-01-01 23:35:00,sensor-02,0.80311,40.19376,0.43666,100.07726,0,41.03378
2026-01-01 23:40:00,sensor-02,0.85405,41.03378,0.5034,99.93179,0,41.65018
2026-01-01 23:45:00,sensor-02,0.87699,41.65018,0.54455,99.92635,0,40.95569
2026-01-01 23:50:00,sensor-02,0.73469,40.95569,0.53091,100.17498,0,39.74911
2026-01-01 00:00:00,sensor-03,0.26119,37.90712,0.30062,100.82564,0,36.71979
2026-01-01 00:05:00,sensor-03,0.24912,36.71979,0.32309,101.10685,0,37.55936
2026-01-01 00:10:00,sensor-03,0.30331,37.55936,0.27438,100.85361,0,36.30966
2026-01-01 00:15:00,sensor-03,0.13625,36.30966,0.20224,101.00265,0,37.07005
2026-01-01 00:20:00,sensor-03,0.27253,37.07005,0.37873,100.87876,0,37.84867
2026-01-01 00:25:00,sensor-03,0.3002,37.84867,0.32323,100.50345,0,36.8801
2026-01-01 00:30:00,sensor-03,0.21599,36.8801,0.28417,100.97266,0,38.81383
2026-01-01 00:35:00,sensor-03,0.4382,38.81383,0.36285,100.50766,0,39.846
2026-01-01 00:40:00,sensor-03,0.46004,39.846,0.41266,100.16654,0,38.63574
2026-01-01 00:45:00,sensor-03,0.49523,38.63574,0.3811,100.56112,0,38.62318
2026-01-01 00:50:00,sensor-03,0.44225,38.62318,0.37494,100.59797,0,39.86706
2026-01-01 00:55:00,sensor-03,0.55669,39.86706,0.41337,100.17922,0,39.63009
2026-01-01 01:00:00,sensor-03,0.58895,39.63009,0.35213,100.23723,0,40.42912
2026-01-01 01:05:00,sensor-03,0.62503,40.42912,0.39815,100.10299,0,39.7535
2026-01-01 01:10:00,sensor-03,0.63988,39.7535,0.44787,99.95441,0,39.62803
2026-01-01 01:15:00,sensor-03,0.65652,39.62803,0.49378,100.10466,0,41.9493
2026-01-01 01:20:00,sensor-03,0.79586,41.9493,0.47596,99.9456,0,42.07655
2026-01-01 01:25:00,sensor-03,0.8639,42.07655,0.50072,99.52487,0,40.89902
2026-01-01 01:30:00,sensor-03,0.74251,40.89902,0.46234,99.78828,0,42.24922
2026-01-01 01:35:00,sensor-03,0.79561,42.24922,0.51912,99.74916,0,41.95447
2026-01-01 01:40:00,sensor-03,0.85515,41.95447,0.48831,99.71652,0,41.57081
2026-01-01 01:45:00,sensor-03,0.84485,41.57081,0.58321,99.57164,0,42.41543
2026-01-01 01:50:00,sensor-03,0.81647,42.41543,0.52064,100.18362,0,41.99086
2026-01-01 01:55:00,sensor-03,0.93077,41.99086,0.54399,99.57404,0,42.24608
2026-01-01 02:00:00,sensor-03,0.87888,42.24608,0.54599,99.89074,0,40.64072
2026-01-01 02:05:00,sensor-03,0.81817,40.64072,0.48969,99.83252,0,41.66198
2026-01-01 02:10:00,sensor-03,0.84629,41.66198,0.53981,99.65487,0,40.22434
2026-01-01 02:15:00,sensor-03,0.73851,40.22434,0.45577,99.91888,0,41.34785
2026-01-01 02:20:00,sensor-03,0.87027,41.34785,0.57885,99.74013,0,41.97025
2026-01-01 02:25:00,sensor-03,0.78213,41.97025,0.52001,100.32779,0,40.78316
2026-01-01 02:30:00,sensor-03,0.76758,40.78316,0.50683,99.91256,0,40.21769
2026-01-01 02:35:00,sensor-03,0.68033,40.21769,0.46456,100.33211,0,41.22455
2026-01-01 02:40:00,sensor-03,0.69631,41.22455,0.46154,100.00324,0,40.98942
2026-01-01 02:45:00,sensor-03,0.73262,40.98942,0.49352,99.75179,0,39.51882
2026-01-01 02:50:00,sensor-03,0.56478,39.51882,0.43006,100.32811,0,40.02352
2026-01-01 02:55:00,sensor-03,0.60401,40.02352,0.41763,100.12844,0,39.99156
2026-01-01 03:00:00,sensor-03,0.54931,39.99156,0.42824,100.46926,0,39.49346
2026-01-01 03:05:00,sensor-03,0.5562,39.49346,0.44118,100.0664,0,39.56695
2026-01-01 03:10:00,sensor-03,0.51319,39.56695,0.48718,100.41192,0,38.79634
2026-01-01 03:15:00,sensor-03,0.42889,38.79634,0.37883,100.75802,0,38.28206
2026-01-01 03:20:00,sensor-03,0.43745,38.28206,0.38222,100.31453,0,39.07707
2026-01-01 03:25:00,sensor-03,0.44117,39.07707,0.34503,100.63848,0,38.72126
2026-01-01 03:30:00,sensor-03,0.41491,38.72126,0.31533,100.64243,0,36.64775
2026-01-01 03:35:00,sensor-03,0.20762,36.64775,0.31785,101.11537,0,37.02518
2026-01-01 03:40:00,sensor-03,0.21885,37.02518,0.28921,100.73668,0,36.55177
2026-01-01 03:45:00,sensor-03,0.22022,36.55177,0.31384,100.91558,0,37.98299
2026-01-01 03:50:00,sensor-03,0.34722,37.98299,0.31453,100.25933,0,36.59855
2026-01-01 03:55:00,sensor-03,0.27974,36.59855,0.26954,100.50972,0,38.02888
2026-01-01 04:00:00,sensor-03,0.25448,38.02888,0.28115,100.81849,0,36.95411
2026-01-01 04:05:00,sensor-03,0.34156,36.95411,0.34134,100.73724,0,36.63369
2026-01-01 04:10:00,sensor-03,0.32092,36.63369,0.28103,100.65296,0,37.28472
2026-01-01 04:15:00,sensor-03,0.29171,37.28472,0.28032,100.59939,0,37.13666
2026-01-01 04:20:00,sensor-03,0.21882,37.13666,0.25213,100.68865,0,36.09009
2026-01-01 04:25:00,sensor-03,0.15909,36.09009,0.27955,101.00337,0,37.63506
2026-01-01 04:30:00,sensor-03,0.34018,37.63506,0.28998,100.67609,0,37.3361
2026-01-01 04:35:00,sensor-03,0.36846,37.3361,0.21339,100.88103,0,38.54024
2026-01-01 04:40:00,sensor-03,0.44524,38.54024,0.3318,100.49176,0,38.98888
2026-01-01 04:45:00,sensor-03,0.48302,38.98888,0.38525,100.40745,0,39.41686
2026-01-01 04:50:00,sensor-03,0.58352,39.41686,0.43292,100.07751,0,39.31738
2026-01-01 04:55:00,sensor-03,0.50896,39.31738,0.38566,100.45552,0,39.12083
2026-01-01 05:00:00,sensor-03,0.54225,39.12083,0.38698,100.32935,0,39.80253
2026-01-01 05:05:00,sensor-03,0.65898,39.80253,0.50993,99.99851,0,40.59599
2026-01-01 05:10:00,sensor-03,0.66017,40.59599,0.44772,100.03251,0,41.49386
2026-01-01 05:15:00,sensor-03,0.74133,41.49386,0.48872,100.14917,0,41.96604
2026-01-01 05:20:00,sensor-03,0.80739,41.96604,0.57066,99.95264,0,39.96737
2026-01-01 05:25:00,sensor-03,0.65468,39.96737,0.44996,100.10548,0,39.92833
2026-01-01 05:30:00,sensor-03,0.80058,39.92833,0.49621,100.13325,0,40.60975
2026-01-01 05:35:00,sensor-03,0.68974,40.60975,0.46432,100.02826,0,40.82425
2026-01-01 05:40:00,sensor-03,0.77467,40.82425,0.51251,99.91344,0,41.13651
2026-01-01 05:45:00,sensor-03,0.88607,41.13651,0.53454,99.95794,0,42.67165
2026-01-01 05:50:00,sensor-03,0.95356,42.67165,0.59246,99.64027,0,41.7566
2026-01-01 05:55:00,sensor-03,0.80998,41.7566,0.58794,100.31091,0,41.57137
2026-01-01 06:00:00,sensor-03,0.81347,41.57137,0.53991,99.77559,0,42.00867
2026-01-01 06:05:00,sensor-03,0.80411,42.00867,0.51774,99.70498,0,40.97673
2026-01-01 06:10:00,sensor-03,0.77368,40.97673,0.52444,99.90853,0,41.14629
2026-01-01 06:15:00,sensor-03,0.81186,41.14629,0.5264,99.9214,0,42.40487
2026-01-01 06:20:00,sensor-03,0.81848,42.40487,0.5667,99.78026,0,41.22661
2026-01-01 06:25:00,sensor-03,0.81243,41.22661,0.52867,99.732,0,41.37222
2026-01-01 06:30:00,sensor-03,0.80712,41.37222,0.51355,99.6814,0,41.29076
2026-01-01 06:35:00,sensor-03,0.73108,41.29076,0.47897,100.11275,0,40.41596
2026-01-01 06:40:00,sensor-03,0.69835,40.41596,0.43527,100.15391,0,40.52479
2026-01-01 06:45:00,sensor-03,0.62818,40.52479,0.41514,100.0702,0,40.90053
2026-01-01 06:50:00,sensor-03,0.72502,40.90053,0.4413,100.06228,0,40.04134
2026-01-01 06:55:00,sensor-03,0.64298,40.04134,0.48232,100.1569,0,41.25442
2026-01-01 07:00:00,sensor-03,0.67973,41.25442,0.4575,100.21976,0,39.31022
2026-01-01 07:05:00,sensor-03,0.52042,39.31022,0.45722,100.5229,0,39.04735
2026-01-01 07:10:00,sensor-03,0.48233,39.04735,0.36752,100.47147,0,39.68118
2026-01-01 07:15:00,sensor-03,0.56371,39.68118,0.47717,100.50559,0,38.265
2026-01-01 07:20:00,sensor-03,0.34344,38.265,0.31433,100.29955,0,37.78919
2026-01-01 07:25:00,sensor-03,0.3244,37.78919,0.32466,100.63106,0,38.29561
2026-01-01 07:30:00,sensor-03,0.36759,38.29561,0.36164,100.60097,0,35.93013
2026-01-01 07:35:00,sensor-03,0.21157,35.93013,0.31158,101.10573,0,37.48847
2026-01-01 07:40:00,sensor-03,0.36778,37.48847,0.258,100.66087,0,37.40656
2026-01-01 07:45:00,sensor-03,0.30303,37.40656,0.31848,100.46829,0,36.72241
2026-01-01 07:50:00,sensor-03,0.17799,36.72241,0.30067,100.90707,0,38.25859
2026-01-01 07:55:00,sensor-03,0.32563,38.25859,0.30153,100.6329,0,37.06846
2026-01-01 08:00:00,sensor-03,0.33205,37.06846,0.30246,100.67273,0,35.92205
2026-01-01 08:05:00,sensor-03,0.17923,35.92205,0.19048,100.94677,0,36.6664
2026-01-01 08:10:00,sensor-03,0.24094,36.6664,0.27552,100.86502,0,37.09088
2026-01-01 08:15:00,sensor-03,0.24767,37.09088,0.37288,100.65915,0,37.35789
2026-01-01 08:20:00,sensor-03,0.23391,37.35789,0.25667,101.03267,0,36.38741
2026-01-01 08:25:00,sensor-03,0.2297,36.38741,0.22968,100.76649,0,36.5235
2026-01-01 08:30:00,sensor-03,0.2933,36.5235,0.31952,100.55497,0,38.34788
2026-01-01 08:35:00,sensor-03,0.38643,38.34788,0.31062,100.71069,0,38.1578
2026-01-01 08:40:00,sensor-03,0.51389,38.1578,0.44439,100.4025,0,38.68043
2026-01-01 08:45:00,sensor-03,0.39016,38.68043,0.39321,100.71027,0,39.00873
2026-01-01 08:50:00,sensor-03,0.49829,39.00873,0.32487,99.96728,0,38.91286
2026-01-01 08:55:00,sensor-03,0.53624,38.91286,0.41103,100.14417,0,38.22921
2026-01-01 09:00:00,sensor-03,0.47308,38.22921,0.37898,100.38444,0,39.4765
2026-01-01 09:05:00,sensor-03,0.56803,39.4765,0.40974,100.38671,0,39.39388
2026-01-01 09:10:00,sensor-03,0.71886,39.39388,0.48069,99.80361,0,40.26548
2026-01-01 09:15:00,sensor-03,0.64672,40.26548,0.42334,100.09415,0,39.4972
2026-01-01 09:20:00,sensor-03,0.6775,39.4972,0.47239,99.66244,0,40.61263
2026-01-01 09:25:00,sensor-03,0.66699,40.61263,0.49484,100.28323,0,41.55069
2026-01-01 09:30:00,sensor-03,0.80374,41.55069,0.52655,99.79457,0,40.51276
2026-01-01 09:35:00,sensor-03,0.78065,40.51276,0.49751,99.85501,0,41.26515
2026-01-01 09:40:00,sensor-03,0.77765,41.26515,0.4909,99.68836,0,40.45563
2026-01-01 09:45:00,sensor-03,0.78403,40.45563,0.52411,99.54978,0,41.41449
2026-01-01 09:50:00,sensor-03,0.765,41.41449,0.46787,99.48595,0,40.15314
2026-01-01 09:55:00,sensor-03,0.73904,40.15314,0.48894,100.03969,0,42.14067
2026-01-01 10:00:00,sensor-03,0.88558,42.14067,0.48385,99.49152,0,41.74838
2026-01-01 10:05:00,sensor-03,0.87241,41.74838,0.49086,99.58147,0,41.8209
2026-01-01 10:10:00,sensor-03,0.88085,41.8209,0.53816,99.57755,0,41.79929
2026-01-01 10:15:00,sensor-03,0.90028,41.79929,0.61652,99.59112,0,40.44744
2026-01-01 10:20:00,sensor-03,0.68352,40.44744,0.48399,100.3001,0,41.30719
2026-01-01 10:25:00,sensor-03,0.7954,41.30719,0.57575,100.08287,0,42.07085
2026-01-01 10:30:00,sensor-03,0.77646,42.07085,0.50596,99.85331,0,42.70392
2026-01-01 10:35:00,sensor-03,0.76476,42.70392,0.49783,99.86787,0,39.42331
2026-01-01 10:40:00,sensor-03,0.62895,39.42331,0.38013,99.88572,0,40.03757
2026-01-01 10:45:00,sensor-03,0.65967,40.03757,0.44121,100.37414,0,39.74775
2026-01-01 10:50:00,sensor-03,0.65757,39.74775,0.43927,99.82868,0,41.3843
2026-01-01 10:55:00,sensor-03,0.63157,41.3843,0.39669,99.87895,0,39.52076
2026-01-01 11:00:00,sensor-03,0.43122,39.52076,0.35087,100.32445,0,39.17203
2026-01-01 11:05:00,sensor-03,0.56135,39.17203,0.45558,100.43037,0,39.13633
2026-01-01 11:10:00,sensor-03,0.56321,39.13633,0.48826,100.57937,0,39.25788
2026-01-01 11:15:00,sensor-03,0.45525,39.25788,0.28178,100.31429,0,37.75264
2026-01-01 11:20:00,sensor-03,0.32347,37.75264,0.29206,100.74584,0,37.66294
2026-01-01 11:25:00,sensor-03,0.36039,37.66294,0.35326,100.40631,0,38.64088
2026-01-01 11:30:00,sensor-03,0.38858,38.64088,0.2893,100.37493,0,35.69751
2026-01-01 11:35:00,sensor-03,0.16505,35.69751,0.26733,100.6733,0,37.78184
2026-01-01 11:40:00,sensor-03,0.33527,37.78184,0.30989,100.91081,0,36.76395
2026-01-01 11:45:00,sensor-03,0.18222,36.76395,0.3045,100.89862,0,36.89587
2026-01-01 11:50:00,sensor-03,0.22209,36.89587,0.28325,100.49019,0,36.80351
2026-01-01 11:55:00,sensor-03,0.3515,36.80351,0.32053,100.76303,0,35.91651
2026-01-01 12:00:00,sensor-03,0.16639,35.91651,0.21149,100.91167,0,37.34134
2026-01-01 12:05:00,sensor-03,0.28154,37.34134,0.26881,101.02557,0,38.72501
2026-01-01 12:10:00,sensor-03,0.30755,38.72501,0.28762,101.06218,0,36.42914
2026-01-01 12:15:00,sensor-03,0.2478,36.42914,0.30971,100.52585,0,37.98994
2026-01-01 12:20:00,sensor-03,0.2805,37.98994,0.34594,100.77063,0,38.53518
2026-01-01 12:25:00,sensor-03,0.2058,38.53518,0.30402,100.76797,0,38.20923
2026-01-01 12:30:00,sensor-03,0.30942,38.20923,0.27201,100.43287,0,36.94963
2026-01-01 12:35:00,sensor-03,0.273,36.94963,0.22718,100.53444,0,38.03963
2026-01-01 12:40:00,sensor-03,0.4093,38.03963,0.31292,100.71279,0,38.00877
2026-01-01 12:45:00,sensor-03,0.43655,38.00877,0.3149,100.43599,0,38.19702
2026-01-01 12:50:00,sensor-03,0.41329,38.19702,0.36849,100.54909,0,38.67253
2026-01-01 12:55:00,sensor-03,0.44273,38.67253,0.37939,100.48598,0,39.7286
2026-01-01 13:00:00,sensor-03,0.57707,39.7286,0.40782,100.39817,0,38.25209
2026-01-01 13:05:00,sensor-03,0.53855,38.25209,0.44216,100.13569,0,41.09976
2026-01-01 13:10:00,sensor-03,0.71818,41.09976,0.47244,100.15365,0,40.81082
2026-01-01 13:15:00,sensor-03,0.63699,40.81082,0.47769,100.13728,0,41.4047
2026-01-01 13:20:00,sensor-03,0.74839,41.4047,0.4634,100.07269,0,41.6231
2026-01-01 13:25:00,sensor-03,0.77043,41.6231,0.46964,99.64282,0,40.4066
2026-01-01 13:30:00,sensor-03,0.79111,40.4066,0.5438,100.23288,0,40.42657
2026-01-01 13:35:00,sensor-03,0.7845,40.42657,0.54448,99.84686,0,41.92993
2026-01-01 13:40:00,sensor-03,0.8574,41.92993,0.54367,99.9072,0,42.2605
2026-01-01 13:45:00,sensor-03,0.87404,42.2605,0.58878,99.78224,0,42.92226
2026-01-01 13:50:00,sensor-03,0.90044,42.92226,0.51798,99.69039,0,49.83511
2026-01-01 13:55:00,sensor-03,0.86969,49.83511,0.86863,99.81968,1,41.77489
2026-01-01 14:00:00,sensor-03,0.8276,41.77489,0.49175,100.18202,0,41.87961
2026-01-01 14:05:00,sensor-03,0.89001,41.87961,0.48014,99.84522,0,47.89698
2026-01-01 14:10:00,sensor-03,0.84187,47.89698,0.88895,99.86709,1,42.69516
2026-01-01 14:15:00,sensor-03,0.89707,42.69516,0.5779,99.63832,0,41.12045
2026-01-01 14:20:00,sensor-03,0.82127,41.12045,0.52408,99.67041,0,40.93688
2026-01-01 14:25:00,sensor-03,0.69842,40.93688,0.46004,100.02329,0,40.92184
2026-01-01 14:30:00,sensor-03,0.79025,40.92184,0.60641,100.0092,0,41.24679
2026-01-01 14:35:00,sensor-03,0.73705,41.24679,0.52421,99.94111,0,40.17827
2026-01-01 14:40:00,sensor-03,0.65831,40.17827,0.45725,100.52631,0,39.58601
2026-01-01 14:45:00,sensor-03,0.69478,39.58601,0.42474,100.0688,0,39.94091
2026-01-01 14:50:00,sensor-03,0.61594,39.94091,0.43253,100.00877,0,39.69653
2026-01-01 14:55:00,sensor-03,0.51545,39.69653,0.36873,100.5489,0,39.48335
2026-01-01 15:00:00,sensor-03,0.65833,39.48335,0.43429,100.27262,0,39.13284
2026-01-01 15:05:00,sensor-03,0.46883,39.13284,0.42012,100.31832,0,39.05234
2026-01-01 15:10:00,sensor-03,0.47507,39.05234,0.34906,100.66205,0,38.75516
2026-01-01 15:15:00,sensor-03,0.42186,38.75516,0.35727,100.70048,0,38.73307
2026-01-01 15:20:00,sensor-03,0.31763,38.73307,0.37107,100.95693,0,38.50178
2026-01-01 15:25:00,sensor-03,0.44256,38.50178,0.42247,100.23542,0,39.40924
2026-01-01 15:30:00,sensor-03,0.42662,39.40924,0.38815,100.72732,0,37.50616
2026-01-01 15:35:00,sensor-03,0.27699,37.50616,0.35352,100.80018,0,37.19529
2026-01-01 15:40:00,sensor-03,0.25309,37.19529,0.30277,100.93065,0,36.61516
2026-01-01 15:45:00,sensor-03,0.26209,36.61516,0.30452,100.76488,0,37.5846
2026-01-01 15:50:00,sensor-03,0.29516,37.5846,0.30146,100.76568,0,35.93092
2026-01-01 15:55:00,sensor-03,0.19585,35.93092,0.20274,100.80717,0,36.6965
2026-01-01 16:00:00,sensor-03,0.30459,36.6965,0.28431,100.56584,0,36.55387
2026-01-01 16:05:00,sensor-03,0.19232,36.55387,0.28105,100.93668,0,37.36589
2026-01-01 16:10:00,sensor-03,0.27076,37.36589,0.29607,100.50824,0,37.51042
2026-01-01 16:15:00,sensor-03,0.28412,37.51042,0.29733,100.73641,0,36.42965
2026-01-01 16:20:00,sensor-03,0.14353,36.42965,0.23725,101.25564,0,37.21737
2026-01-01 16:25:00,sensor-03,0.23525,37.21737,0.29815,100.71284,0,37.78039
2026-01-01 16:30:00,sensor-03,0.40531,37.78039,0.28716,100.53476,0,38.16677
2026-01-01 16:35:00,sensor-03,0.35333,38.16677,0.30155,100.45713,0,36.91797
2026-01-01 16:40:00,sensor-03,0.30597,36.91797,0.3448,100.9191,0,38.16006
2026-01-01 16:45:00,sensor-03,0.40518,38.16006,0.31637,100.59748,0,39.2815
2026-01-01 16:50:00,sensor-03,0.46836,39.2815,0.3427,100.4044,0,37.23115
2026-01-01 16:55:00,sensor-03,0.37505,37.23115,0.35724,100.76245,0,38.6225
2026-01-01 17:00:00,sensor-03,0.47321,38.6225,0.35297,100.54216,0,39.62572
2026-01-01 17:05:00,sensor-03,0.64348,39.62572,0.4935,100.01892,0,40.38079
2026-01-01 17:10:00,sensor-03,0.62815,40.38079,0.48479,99.84887,0,40.06784
2026-01-01 17:15:00,sensor-03,0.67928,40.06784,0.50682,99.9635,0,40.94232
2026-01-01 17:20:00,sensor-03,0.60515,40.94232,0.44319,100.21189,0,41.43198
2026-01-01 17:25:00,sensor-03,0.82092,41.43198,0.50681,99.6162,0,40.62777
2026-01-01 17:30:00,sensor-03,0.69422,40.62777,0.464,99.85224,0,42.24147
2026-01-01 17:35:00,sensor-03,0.82751,42.24147,0.5057,99.80427,0,40.92172
2026-01-01 17:40:00,sensor-03,0.77582,40.92172,0.51429,100.05227,0,42.6571
2026-01-01 17:45:00,sensor-03,0.86509,42.6571,0.51935,99.76044,0,41.46913
2026-01-01 17:50:00,sensor-03,0.84129,41.46913,0.56884,99.97987,0,42.1849
2026-01-01 17:55:00,sensor-03,0.85349,42.1849,0.56368,99.64415,0,41.79939
2026-01-01 18:00:00,sensor-03,0.82737,41.79939,0.572,99.71949,0,43.49756
2026-01-01 18:05:00,sensor-03,0.951,43.49756,0.58278,99.34363,0,41.14036
2026-01-01 18:10:00,sensor-03,0.80133,41.14036,0.49951,100.02058,0,41.92567
2026-01-01 18:15:00,sensor-03,0.78232,41.92567,0.50423,99.71685,0,41.27327
2026-01-01 18:20:00,sensor-03,0.76783,41.27327,0.47653,99.95519,0,41.79922
2026-01-01 18:25:00,sensor-03,0.83014,41.79922,0.49531,100.01374,0,40.34551
2026-01-01 18:30:00,sensor-03,0.65869,40.34551,0.5091,100.3409,0,40.01312
2026-01-01 18:35:00,sensor-03,0.6903,40.01312,0.47874,99.77876,0,41.09454
2026-01-01 18:40:00,sensor-03,0.73818,41.09454,0.48612,100.11662,0,41.10409
2026-01-01 18:45:00,sensor-03,0.72247,41.10409,0.4287,99.85655,0,39.2777
2026-01-01 18:50:00,sensor-03,0.58708,39.2777,0.40275,100.33084,0,40.29183
2026-01-01 18:55:00,sensor-03,0.69403,40.29183,0.40862,99.9032,0,40.18812
2026-01-01 19:00:00,sensor-03,0.5608,40.18812,0.46004,100.20724,0,40.10846
2026-01-01 19:05:00,sensor-03,0.50948,40.10846,0.41214,100.69383,0,39.42825
2026-01-01 19:10:00,sensor-03,0.52903,39.42825,0.42534,100.4636,0,37.86763
2026-01-01 19:15:00,sensor-03,0.4227,37.86763,0.35858,100.5235,0,39.31641
2026-01-01 19:20:00,sensor-03,0.48352,39.31641,0.36831,100.45543,0,38.24207
2026-01-01 19:25:00,sensor-03,0.38775,38.24207,0.38236,100.41399,0,37.37796
2026-01-01 19:30:00,sensor-03,0.28717,37.37796,0.23351,100.75428,0,37.75775
2026-01-01 19:35:00,sensor-03,0.256,37.75775,0.27286,100.5876,0,36.69082
2026-01-01 19:40:00,sensor-03,0.23738,36.69082,0.34079,101.02192,0,37.62619
2026-01-01 19:45:00,sensor-03,0.38687,37.62619,0.34128,100.67327,0,37.44211
2026-01-01 19:50:00,sensor-03,0.32994,37.44211,0.36501,100.6271,0,37.50805
2026-01-01 19:55:00,sensor-03,0.28368,37.50805,0.31933,101.02694,0,36.49654
2026-01-01 20:00:00,sensor-03,0.24658,36.49654,0.28163,100.80999,0,38.62004
2026-01-01 20:05:00,sensor-03,0.35429,38.62004,0.35818,100.61233,0,37.14152
2026-01-01 20:10:00,sensor-03,0.29994,37.14152,0.31938,100.92212,0,37.26947
2026-01-01 20:15:00,sensor-03,0.31208,37.26947,0.27027,100.71483,0,38.28714
2026-01-01 20:20:00,sensor-03,0.33079,38.28714,0.31164,100.47374,0,36.17392
2026-01-01 20:25:00,sensor-03,0.19947,36.17392,0.29164,101.2083,0,36.37941
2026-01-01 20:30:00,sensor-03,0.28748,36.37941,0.32122,100.53121,0,38.55856
2026-01-01 20:35:00,sensor-03,0.42458,38.55856,0.38199,100.4548,0,37.21862
2026-01-01 20:40:00,sensor-03,0.39428,37.21862,0.37927,100.93055,0,39.45273
2026-01-01 20:45:00,sensor-03,0.51317,39.45273,0.42549,100.7069,0,38.8341
2026-01-01 20:50:00,sensor-03,0.49128,38.8341,0.34983,100.53698,0,39.53513
2026-01-01 20:55:00,sensor-03,0.53041,39.53513,0.47294,100.17955,0,39.29222
2026-01-01 21:00:00,sensor-03,0.60636,39.29222,0.38883,100.17283,0,41.61613
2026-01-01 21:05:00,sensor-03,0.67178,41.61613,0.40918,100.48959,0,40.67896
2026-01-01 21:10:00,sensor-03,0.72785,40.67896,0.48309,99.99814,0,40.17432
2026-01-01 21:15:00,sensor-03,0.60813,40.17432,0.41221,100.23382,0,40.74359
2026-01-01 21:20:00,sensor-03,0.80167,40.74359,0.53163,99.55348,0,42.23943
2026-01-01 21:25:00,sensor-03,0.81712,42.23943,0.54823,99.61081,0,40.41853
2026-01-01 21:30:00,sensor-03,0.71629,40.41853,0.46485,99.84406,0,39.56601
2026-01-01 21:35:00,sensor-03,0.79375,39.56601,0.51413,99.98672,0,40.48882
2026-01-01 21:40:00,sensor-03,0.68304,40.48882,0.48139,99.98766,0,41.08683
2026-01-01 21:45:00,sensor-03,0.83697,41.08683,0.53357,99.83032,0,41.43766
2026-01-01 21:50:00,sensor-03,0.9141,41.43766,0.58848,99.85223,0,42.41971
2026-01-01 21:55:00,sensor-03,0.81231,42.41971,0.55185,100.10711,0,42.14772
2026-01-01 22:00:00,sensor-03,0.96851,42.14772,0.5867,99.5342,0,41.42352
2026-01-01 22:05:00,sensor-03,0.85642,41.42352,0.49981,99.72353,0,39.50438
2026-01-01 22:10:00,sensor-03,0.75036,39.50438,0.44023,100.05453,0,41.34693
2026-01-01 22:15:00,sensor-03,0.87,41.34693,0.51589,99.74067,0,42.7823
2026-01-01 22:20:00,sensor-03,0.88906,42.7823,0.5494,99.77561,0,41.88927
2026-01-01 22:25:00,sensor-03,0.80871,41.88927,0.49888,99.95624,0,40.63869
2026-01-01 22:30:00,sensor-03,0.73305,40.63869,0.51887,99.7483,0,40.7289
2026-01-01 22:35:00,sensor-03,0.76264,40.7289,0.52469,99.8676,0,41.64159
2026-01-01 22:40:00,sensor-03,0.71962,41.64159,0.51607,100.18872,0,41.87062
2026-01-01 22:45:00,sensor-03,0.80442,41.87062,0.498,99.8786,0,40.32912
2026-01-01 22:50:00,sensor-03,0.64418,40.32912,0.47919,99.94816,0,38.91168
2026-01-01 22:55:00,sensor-03,0.62462,38.91168,0.4428,100.31301,0,39.53088
2026-01-01 23:00:00,sensor-03,0.52653,39.53088,0.42426,100.6219,0,39.16852
2026-01-01 23:05:00,sensor-03,0.58722,39.16852,0.4713,100.51987,0,39.46093
2026-01-01 23:10:00,sensor-03,0.49955,39.46093,0.38462,100.51974,0,39.03693
2026-01-01 23:15:00,sensor-03,0.45768,39.03693,0.40089,100.44761,0,39.32674
2026-01-01 23:20:00,sensor-03,0.40361,39.32674,0.32438,100.50978,0,39.233
2026-01-01 23:25:00,sensor-03,0.44949,39.233,0.35758,100.7093,0,38.19794
2026-01-01 23:30:00,sensor-03,0.36891,38.19794,0.29961,100.66982,0,37.78678
2026-01-01 23:35:00,sensor-03,0.30888,37.78678,0.31925,100.87174,0,36.59988
2026-01-01 23:40:00,sensor-03,0.25413,36.59988,0.31708,100.93999,0,36.65344
2026-01-01 23:45:00,sensor-03,0.17425,36.65344,0.2397,100.7941,0,36.90428
2026-01-01 23:50:00,sensor-03,0.26057,36.90428,0.22694,100.91781,0,36.61465
2026-01-01 00:00:00,sensor-04,0.44986,38.51335,0.3817,100.52712,0,36.91126
2026-01-01 00:05:00,sensor-04,0.37556,36.91126,0.2901,100.63512,0,37.72722
2026-01-01 00:10:00,sensor-04,0.32909,37.72722,0.30984,101.05519,0,37.40335
2026-01-01 00:15:00,sensor-04,0.3362,37.40335,0.32938,101.06037,0,38.18897
2026-01-01 00:20:00,sensor-04,0.43493,38.18897,0.34348,100.87811,0,36.67889
2026-01-01 00:25:00,sensor-04,0.23337,36.67889,0.20557,100.90165,0,38.02699
2026-01-01 00:30:00,sensor-04,0.32696,38.02699,0.32565,100.93658,0,36.16321
2026-01-01 00:35:00,sensor-04,0.14502,36.16321,0.25026,100.69999,0,36.95149
2026-01-01 00:40:00,sensor-04,0.29508,36.95149,0.36174,100.40895,0,37.02688
2026-01-01 00:45:00,sensor-04,0.34111,37.02688,0.2791,100.47442,0,38.2061
2026-01-01 00:50:00,sensor-04,0.39584,38.2061,0.33375,100.45668,0,36.54525
2026-01-01 00:55:00,sensor-04,0.26527,36.54525,0.25337,100.7482,0,36.89308
2026-01-01 01:00:00,sensor-04,0.27942,36.89308,0.29275,100.86689,0,44.40664
2026-01-01 01:05:00,sensor-04,0.3405,44.40664,0.62349,100.67898,1,37.32715
2026-01-01 01:10:00,sensor-04,0.23866,37.32715,0.28019,100.88568,0,37.42181
2026-01-01 01:15:00,sensor-04,0.26814,37.42181,0.33508,100.90936,0,37.70699
2026-01-01 01:20:00,sensor-04,0.40032,37.70699,0.42059,100.72157,0,37.56542
2026-01-01 01:25:00,sensor-04,0.34914,37.56542,0.28475,100.54043,0,39.09718
2026-01-01 01:30:00,sensor-04,0.50275,39.09718,0.42271,100.52818,0,36.93771
2026-01-01 01:35:00,sensor-04,0.39806,36.93771,0.36752,100.72728,0,39.75571
2026-01-01 01:40:00,sensor-04,0.553,39.75571,0.36902,100.33942,0,40.21436
2026-01-01 01:45:00,sensor-04,0.61796,40.21436,0.44381,100.15725,0,38.81372
2026-01-01 01:50:00,sensor-04,0.53759,38.81372,0.43581,100.10961,0,40.42657
2026-01-01 01:55:00,sensor-04,0.66652,40.42657,0.43634,100.05906,0,41.95159
2026-01-01 02:00:00,sensor-04,0.70693,41.95159,0.47807,99.86064,0,40.84293
2026-01-01 02:05:00,sensor-04,0.70776,40.84293,0.46707,99.91047,0,40.54432
2026-01-01 02:10:00,sensor-04,0.74091,40.54432,0.48134,100.04477,0,42.11383
2026-01-01 02:15:00,sensor-04,0.8153,42.11383,0.57921,99.52809,0,40.53719
2026-01-01 02:20:00,sensor-04,0.73919,40.53719,0.46763,100.31574,0,39.52555
2026-01-01 02:25:00,sensor-04,0.56561,39.52555,0.36034,100.20003,0,40.88352
2026-01-01 02:30:00,sensor-04,0.78642,40.88352,0.52777,100.01992,0,41.09963
2026-01-01 02:35:00,sensor-04,0.83401,41.09963,0.55265,99.58555,0,42.17787
2026-01-01 02:40:00,sensor-04,0.90012,42.17787,0.57941,99.85423,0,42.0882
2026-01-01 02:45:00,sensor-04,0.83663,42.0882,0.53981,99.81603,0,41.92993
2026-01-01 02:50:00,sensor-04,0.81833,41.92993,0.48511,99.58961,0,42.11847
2026-01-01 02:55:00,sensor-04,0.90417,42.11847,0.58792,99.56015,0,40.85496
2026-01-01 03:00:00,sensor-04,0.75196,40.85496,0.50246,100.08284,0,40.92745
2026-01-01 03:05:00,sensor-04,0.77472,40.92745,0.55612,99.88002,0,42.19855
2026-01-01 03:10:00,sensor-04,0.77951,42.19855,0.55161,99.67345,0,41.15873
2026-01-01 03:15:00,sensor-04,0.76437,41.15873,0.49183,99.53548,0,40.60618
2026-01-01 03:20:00,sensor-04,0.73674,40.60618,0.45633,99.85639,0,41.52854
2026-01-01 03:25:00,sensor-04,0.67444,41.52854,0.45408,100.22681,0,40.09502
2026-01-01 03:30:00,sensor-04,0.68296,40.09502,0.4787,99.846,0,40.04828
2026-01-01 03:35:00,sensor-04,0.68772,40.04828,0.49205,99.98226,0,40.0673
2026-01-01 03:40:00,sensor-04,0.45886,40.0673,0.36334,100.83232,0,38.61982
2026-01-01 03:45:00,sensor-04,0.52577,38.61982,0.36703,100.51777,0,40.37469
2026-01-01 03:50:00,sensor-04,0.59097,40.37469,0.37331,100.06648,0,40.26739
2026-01-01 03:55:00,sensor-04,0.62026,40.26739,0.48122,100.22757,0,38.37067
2026-01-01 04:00:00,sensor-04,0.39799,38.37067,0.37059,100.62638,0,37.24098
2026-01-01 04:05:00,sensor-04,0.3351,37.24098,0.34455,100.68633,0,38.34755
2026-01-01 04:10:00,sensor-04,0.37848,38.34755,0.39822,100.4698,0,37.17598
2026-01-01 04:15:00,sensor-04,0.31075,37.17598,0.28742,100.72188,0,38.09116
2026-01-01 04:20:00,sensor-04,0.30096,38.09116,0.28347,100.96231,0,38.78914
2026-01-01 04:25:00,sensor-04,0.35261,38.78914,0.3333,100.53165,0,37.60474
2026-01-01 04:30:00,sensor-04,0.27014,37.60474,0.25353,100.42906,0,37.29675
2026-01-01 04:35:00,sensor-04,0.24809,37.29675,0.25299,101.19204,0,37.75881
2026-01-01 04:40:00,sensor-04,0.25652,37.75881,0.29794,100.61929,0,37.19344
2026-01-01 04:45:00,sensor-04,0.29563,37.19344,0.29098,100.87136,0,37.0101
2026-01-01 04:50:00,sensor-04,0.21213,37.0101,0.20909,101.23097,0,36.88976
2026-01-01 04:55:00,sensor-04,0.29157,36.88976,0.24145,100.63789,0,36.75575
2026-01-01 05:00:00,sensor-04,0.33563,36.75575,0.36437,100.65471,0,37.29662
2026-01-01 05:05:00,sensor-04,0.26965,37.29662,0.27743,100.6521,0,37.90488
2026-01-01 05:10:00,sensor-04,0.37361,37.90488,0.36315,100.82336,0,37.31756
2026-01-01 05:15:00,sensor-04,0.33573,37.31756,0.29756,101.11602,0,37.23409
2026-01-01 05:20:00,sensor-04,0.27289,37.23409,0.20542,101.02726,0,37.57722
2026-01-01 05:25:00,sensor-04,0.36501,37.57722,0.3694,100.49078,0,38.70318
2026-01-01 05:30:00,sensor-04,0.48593,38.70318,0.44924,100.82554,0,37.81184
2026-01-01 05:35:00,sensor-04,0.47271,37.81184,0.35781,100.52344,0,38.79677
2026-01-01 05:40:00,sensor-04,0.47776,38.79677,0.36948,100.33264,0,38.8595
2026-01-01 05:45:00,sensor-04,0.46284,38.8595,0.3907,100.68983,0,40.52055
2026-01-01 05:50:00,sensor-04,0.61433,40.52055,0.3896,100.29594,0,39.65639
2026-01-01 05:55:00,sensor-04,0.56884,39.65639,0.46799,100.24863,0,39.75745
2026-01-01 06:00:00,sensor-04,0.67434,39.75745,0.4972,100.14276,0,41.06229
2026-01-01 06:05:00,sensor-04,0.72503,41.06229,0.53007,100.21059,0,41.80569
2026-01-01 06:10:00,sensor-04,0.81666,41.80569,0.50858,99.85906,0,41.197
2026-01-01 06:15:00,sensor-04,0.74294,41.197,0.49602,99.97839,0,41.67176
2026-01-01 06:20:00,sensor-04,0.72139,41.67176,0.4667,99.88017,0,41.90709
2026-01-01 06:25:00,sensor-04,0.7653,41.90709,0.45467,99.91772,0,42.13974
2026-01-01 06:30:00,sensor-04,0.79974,42.13974,0.45317,99.96692,0,41.87644
2026-01-01 06:35:00,sensor-04,0.83491,41.87644,0.50666,99.60035,0,42.06614
2026-01-01 06:40:00,sensor-04,0.89168,42.06614,0.52429,99.3536,0,41.13032
2026-01-01 06:45:00,sensor-04,0.89395,41.13032,0.47055,99.86575,0,41.24293
2026-01-01 06:50:00,sensor-04,0.82256,41.24293,0.519,99.46343,0,41.25215
2026-01-01 06:55:00,sensor-04,0.8643,41.25215,0.4671,100.02192,0,41.43507
2026-01-01 07:00:00,sensor-04,0.76315,41.43507,0.55037,100.07379,0,40.60928
2026-01-01 07:05:00,sensor-04,0.75661,40.60928,0.47336,99.863,0,41.46058
2026-01-01 07:10:00,sensor-04,0.83525,41.46058,0.53185,99.8206,0,41.77769
2026-01-01 07:15:00,sensor-04,0.81513,41.77769,0.45503,99.82922,0,41.69897
2026-01-01 07:20:00,sensor-04,0.784,41.69897,0.49996,99.86244,0,38.85845
2026-01-01 07:25:00,sensor-04,0.5846,38.85845,0.43874,99.88503,0,40.48278
2026-01-01 07:30:00,sensor-04,0.62534,40.48278,0.43574,100.14634,0,41.0588
2026-01-01 07:35:00,sensor-04,0.68426,41.0588,0.48325,100.16584,0,40.12176
2026-01-01 07:40:00,sensor-04,0.65181,40.12176,0.48647,100.2869,0,38.63498
2026-01-01 07:45:00,sensor-04,0.42883,38.63498,0.31069,100.36648,0,38.82669
2026-01-01 07:50:00,sensor-04,0.5052,38.82669,0.42024,100.18975,0,39.85746
2026-01-01 07:55:00,sensor-04,0.56621,39.85746,0.50882,100.49641,0,38.93132
2026-01-01 08:00:00,sensor-04,0.51147,38.93132,0.35497,100.55425,0,38.52987
2026-01-01 08:05:00,sensor-04,0.50691,38.52987,0.41189,100.46595,0,37.52892
2026-01-01 08:10:00,sensor-04,0.38041,37.52892,0.34733,100.44604,0,38.78771
2026-01-01 08:15:00,sensor-04,0.40302,38.78771,0.37466,100.65118,0,36.99975
2026-01-01 08:20:00,sensor-04,0.35023,36.99975,0.34649,100.76883,0,37.9008
2026-01-01 08:25:00,sensor-04,0.36644,37.9008,0.37913,100.96661,0,36.14619
2026-01-01 08:30:00,sensor-04,0.18695,36.14619,0.26514,101.22273,0,36.68655
2026-01-01 08:35:00,sensor-04,0.18189,36.68655,0.26811,100.77045,0,37.57284
2026-01-01 08:40:00,sensor-04,0.25361,37.57284,0.26559,100.78491,0,34.9332
2026-01-01 08:45:00,sensor-04,0.17396,34.9332,0.21146,100.81152,0,36.29925
2026-01-01 08:50:00,sensor-04,0.25634,36.29925,0.33424,100.72693,0,35.34627
2026-01-01 08:55:00,sensor-04,0.14766,35.34627,0.26974,101.04023,0,36.76401
2026-01-01 09:00:00,sensor-04,0.28489,36.76401,0.29471,100.47518,0,37.58884
2026-01-01 09:05:00,sensor-04,0.30281,37.58884,0.26193,100.49395,0,36.95286
2026-01-01 09:10:00,sensor-04,0.33742,36.95286,0.33586,100.77524,0,38.22672
2026-01-01 09:15:00,sensor-04,0.29372,38.22672,0.26574,100.75933,0,37.93189
2026-01-01 09:20:00,sensor-04,0.39835,37.93189,0.34059,100.63302,0,37.78461
2026-01-01 09:25:00,sensor-04,0.44258,37.78461,0.43399,100.67711,0,39.74574
2026-01-01 09:30:00,sensor-04,0.53933,39.74574,0.38236,100.34417,0,39.18845
2026-01-01 09:35:00,sensor-04,0.53746,39.18845,0.35847,100.55915,0,40.49022
2026-01-01 09:40:00,sensor-04,0.56421,40.49022,0.42017,100.45399,0,39.04161
2026-01-01 09:45:00,sensor-04,0.56069,39.04161,0.45123,100.4993,0,37.89236
2026-01-01 09:50:00,sensor-04,0.51589,37.89236,0.39203,100.28821,0,38.72591
2026-01-01 09:55:00,sensor-04,0.57738,38.72591,0.44765,99.98405,0,40.9809
2026-01-01 10:00:00,sensor-04,0.79471,40.9809,0.53515,99.70418,0,40.03973
2026-01-01 10:05:00,sensor-04,0.58382,40.03973,0.42528,100.29625,0,41.37084
2026-01-01 10:10:00,sensor-04,0.73129,41.37084,0.50005,99.84492,0,41.36694
2026-01-01 10:15:00,sensor-04,0.75115,41.36694,0.48775,100.24908,0,41.00036
2026-01-01 10:20:00,sensor-04,0.8285,41.00036,0.54061,99.76076,0,41.22179
2026-01-01 10:25:00,sensor-04,0.83078,41.22179,0.55454,99.68973,0,41.16436
2026-01-01 10:30:00,sensor-04,0.82286,41.16436,0.59543,100.23516,0,40.51864
2026-01-01 10:35:00,sensor-04,0.71703,40.51864,0.48487,99.89616,0,41.39748
2026-01-01 10:40:00,sensor-04,0.92336,41.39748,0.5973,99.63216,0,42.08911
2026-01-01 10:45:00,sensor-04,0.78581,42.08911,0.51088,100.20505,0,41.68472
2026-01-01 10:50:00,sensor-04,0.84877,41.68472,0.50955,99.50331,0,41.05345
2026-01-01 10:55:00,sensor-04,0.84465,41.05345,0.52744,99.48168,0,40.98537
2026-01-01 11:00:00,sensor-04,0.79724,40.98537,0.55461,99.52779,0,41.19861
2026-01-01 11:05:00,sensor-04,0.75584,41.19861,0.56284,99.84293,0,40.67928
2026-01-01 11:10:00,sensor-04,0.84638,40.67928,0.54903,99.55513,0,42.76241
2026-01-01 11:15:00,sensor-04,0.86968,42.76241,0.5201,99.84294,0,40.32362
2026-01-01 11:20:00,sensor-04,0.71653,40.32362,0.5211,99.96292,0,40.93385
2026-01-01 11:25:00,sensor-04,0.70922,40.93385,0.37643,100.09524,0,39.26506
2026-01-01 11:30:00,sensor-04,0.56586,39.26506,0.35037,100.23694,0,40.05931
2026-01-01 11:35:00,sensor-04,0.75127,40.05931,0.44724,99.88715,0,39.69052
2026-01-01 11:40:00,sensor-04,0.66264,39.69052,0.40167,99.96673,0,40.12496
2026-01-01 11:45:00,sensor-04,0.59593,40.12496,0.46485,100.36809,0,37.91211
2026-01-01 11:50:00,sensor-04,0.46497,37.91211,0.31124,100.4213,0,38.09561
2026-01-01 11:55:00,sensor-04,0.52701,38.09561,0.42669,100.38891,0,37.70299
2026-01-01 12:00:00,sensor-04,0.42376,37.70299,0.4074,100.86364,0,38.3026
2026-01-01 12:05:00,sensor-04,0.30071,38.3026,0.2785,100.42877,0,38.55145
2026-01-01 12:10:00,sensor-04,0.3814,38.55145,0.34502,100.6511,0,39.03782
2026-01-01 12:15:00,sensor-04,0.45245,39.03782,0.35534,100.60462,0,38.28255
2026-01-01 12:20:00,sensor-04,0.39526,38.28255,0.39843,100.74388,0,37.54686
2026-01-01 12:25:00,sensor-04,0.32581,37.54686,0.31721,100.74493,0,36.94438
2026-01-01 12:30:00,sensor-04,0.31575,36.94438,0.37229,100.7282,0,37.72065
2026-01-01 12:35:00,sensor-04,0.35129,37.72065,0.33379,100.68139,0,37.57688
2026-01-01 12:40:00,sensor-04,0.2512,37.57688,0.25882,100.70908,0,36.93131
2026-01-01 12:45:00,sensor-04,0.27369,36.93131,0.31196,100.64116,0,37.68918
2026-01-01 12:50:00,sensor-04,0.28191,37.68918,0.28755,100.71452,0,36.60808
2026-01-01 12:55:00,sensor-04,0.23056,36.60808,0.2637,101.0433,0,38.02893
2026-01-01 13:00:00,sensor-04,0.35868,38.02893,0.25917,100.71062,0,36.62929
2026-01-01 13:05:00,sensor-04,0.29902,36.62929,0.25548,100.66975,0,38.27827
2026-01-01 13:10:00,sensor-04,0.38093,38.27827,0.35316,100.43964,0,37.11061
2026-01-01 13:15:00,sensor-04,0.26168,37.11061,0.29578,100.79336,0,36.1844
2026-01-01 13:20:00,sensor-04,0.24146,36.1844,0.28659,101.11904,0,38.34325
2026-01-01 13:25:00,sensor-04,0.41013,38.34325,0.34503,100.66178,0,37.68306
2026-01-01 13:30:00,sensor-04,0.44078,37.68306,0.39518,100.61501,0,39.04965
2026-01-01 13:35:00,sensor-04,0.50411,39.04965,0.36238,100.52425,0,39.04346
2026-01-01 13:40:00,sensor-04,0.51427,39.04346,0.35384,100.2155,0,40.16066
2026-01-01 13:45:00,sensor-04,0.59578,40.16066,0.46106,100.35878,0,40.4746
2026-01-01 13:50:00,sensor-04,0.61016,40.4746,0.4791,100.37598,0,39.69187
2026-01-01 13:55:00,sensor-04,0.61197,39.69187,0.40321,99.91815,0,39.64646
2026-01-01 14:00:00,sensor-04,0.65095,39.64646,0.46646,100.39415,0,45.59856
2026-01-01 14:05:00,sensor-04,0.62543,45.59856,0.74571,100.26731,1,40.17151
2026-01-01 14:10:00,sensor-04,0.62311,40.17151,0.43772,100.24171,0,40.79278
2026-01-01 14:15:00,sensor-04,0.67785,40.79278,0.45773,100.28372,0,40.40183
2026-01-01 14:20:00,sensor-04,0.70179,40.40183,0.47187,99.83683,0,41.1453
2026-01-01 14:25:00,sensor-04,0.83135,41.1453,0.53699,99.8577,0,39.33123
2026-01-01 14:30:00,sensor-04,0.72415,39.33123,0.49029,99.89808,0,41.48068
2026-01-01 14:35:00,sensor-04,0.87537,41.48068,0.58872,99.37861,0,40.40404
2026-01-01 14:40:00,sensor-04,0.71125,40.40404,0.45995,100.00514,0,41.18947
2026-01-01 14:45:00,sensor-04,0.83534,41.18947,0.47523,99.98382,0,39.83604
2026-01-01 14:50:00,sensor-04,0.80804,39.83604,0.52094,99.7301,0,41.28335
2026-01-01 14:55:00,sensor-04,0.84601,41.28335,0.51888,99.89674,0,41.41402
2026-01-01 15:00:00,sensor-04,0.85084,41.41402,0.5166,99.83883,0,41.71316
2026-01-01 15:05:00,sensor-04,0.84945,41.71316,0.59047,99.97458,0,41.17578
2026-01-01 15:10:00,sensor-04,0.84124,41.17578,0.50771,99.51782,0,41.95626
2026-01-01 15:15:00,sensor-04,0.79841,41.95626,0.54739,99.74988,0,40.79577
2026-01-01 15:20:00,sensor-04,0.74159,40.79577,0.47559,99.82413,0,41.58573
2026-01-01 15:25:00,sensor-04,0.75788,41.58573,0.53326,99.80921,0,39.85504
2026-01-01 15:30:00,sensor-04,0.64487,39.85504,0.47551,100.33142,0,40.0216
2026-01-01 15:35:00,sensor-04,0.62754,40.0216,0.49174,100.21086,0,38.22316
2026-01-01 15:40:00,sensor-04,0.55149,38.22316,0.40305,100.2925,0,45.01703
2026-01-01 15:45:00,sensor-04,0.63737,45.01703,0.81883,100.26684,1,39.46068
2026-01-01 15:50:00,sensor-04,0.58351,39.46068,0.37971,100.38324,0,38.64237
2026-01-01 15:55:00,sensor-04,0.49025,38.64237,0.39106,100.15399,0,38.22245
2026-01-01 16:00:00,sensor-04,0.42524,38.22245,0.39794,100.78558,0,37.72305
2026-01-01 16:05:00,sensor-04,0.39426,37.72305,0.30857,101.02135,0,38.21886
2026-01-01 16:10:00,sensor-04,0.34491,38.21886,0.35588,100.285,0,46.22776
2026-01-01 16:15:00,sensor-04,0.32614,46.22776,0.64496,100.76407,1,37.39021
2026-01-01 16:20:00,sensor-04,0.42207,37.39021,0.32571,100.3267,0,36.56384
2026-01-01 16:25:00,sensor-04,0.30987,36.56384,0.27555,100.64341,0,37.5058
2026-01-01 16:30:00,sensor-04,0.33877,37.5058,0.31965,100.46774,0,36.45871
2026-01-01 16:35:00,sensor-04,0.33661,36.45871,0.27418,100.81455,0,36.8408
2026-01-01 16:40:00,sensor-04,0.17305,36.8408,0.27625,100.76108,0,36.53751
2026-01-01 16:45:00,sensor-04,0.18514,36.53751,0.22887,100.87513,0,37.28305
2026-01-01 16:50:00,sensor-04,0.23004,37.28305,0.27701,100.94026,0,36.848
2026-01-01 16:55:00,sensor-04,0.21432,36.848,0.25274,100.92949,0,37.69297
2026-01-01 17:00:00,sensor-04,0.30148,37.69297,0.28651,100.55997,0,37.3773
2026-01-01 17:05:00,sensor-04,0.31093,37.3773,0.25336,100.68059,0,38.28393
2026-01-01 17:10:00,sensor-04,0.40552,38.28393,0.38795,100.59374,0,35.5516
2026-01-01 17:15:00,sensor-04,0.27563,35.5516,0.32714,100.60747,0,36.73344
2026-01-01 17:20:00,sensor-04,0.28244,36.73344,0.25074,100.86292,0,37.51295
2026-01-01 17:25:00,sensor-04,0.42057,37.51295,0.32269,100.52255,0,38.89107
2026-01-01 17:30:00,sensor-04,0.43797,38.89107,0.41658,100.34685,0,38.70502
2026-01-01 17:35:00,sensor-04,0.41888,38.70502,0.36533,100.82721,0,38.82863
2026-01-01 17:40:00,sensor-04,0.53245,38.82863,0.3704,100.46119,0,40.12436
2026-01-01 17:45:00,sensor-04,0.58493,40.12436,0.39473,100.36808,0,38.87807
2026-01-01 17:50:00,sensor-04,0.53712,38.87807,0.39716,100.44705,0,40.49206
2026-01-01 17:55:00,sensor-04,0.63023,40.49206,0.45194,99.90392,0,39.23751
2026-01-01 18:00:00,sensor-04,0.51299,39.23751,0.43981,100.22017,0,41.44565
2026-01-01 18:05:00,sensor-04,0.77659,41.44565,0.56385,99.88141,0,39.74868
2026-01-01 18:10:00,sensor-04,0.71818,39.74868,0.52606,100.1795,0,40.39898
2026-01-01 18:15:00,sensor-04,0.74011,40.39898,0.53002,99.9418,0,40.61479
2026-01-01 18:20:00,sensor-04,0.75198,40.61479,0.54426,99.65672,0,41.23256
2026-01-01 18:25:00,sensor-04,0.80559,41.23256,0.45846,100.02887,0,41.77643
2026-01-01 18:30:00,sensor-04,0.81626,41.77643,0.47308,99.91259,0,42.94603
2026-01-01 18:35:00,sensor-04,0.8965,42.94603,0.62973,99.62437,0,42.47853
2026-01-01 18:40:00,sensor-04,0.97574,42.47853,0.57483,99.28774,0,40.82582
2026-01-01 18:45:00,sensor-04,0.81088,40.82582,0.51606,99.86955,0,42.18691
2026-01-01 18:50:00,sensor-04,0.85725,42.18691,0.51679,100.00634,0,40.98604
2026-01-01 18:55:00,sensor-04,0.81381,40.98604,0.50821,99.88931,0,42.59978
2026-01-01 19:00:00,sensor-04,0.87267,42.59978,0.55909,99.606,0,40.93898
2026-01-01 19:05:00,sensor-04,0.81016,40.93898,0.52816,99.75129,0,41.48896
2026-01-01 19:10:00,sensor-04,0.80794,41.48896,0.55446,99.83841,0,41.32699
2026-01-01 19:15:00,sensor-04,0.88133,41.32699,0.55742,99.72089,0,40.96837
2026-01-01 19:20:00,sensor-04,0.73578,40.96837,0.48926,99.70284,0,41.5213
2026-01-01 19:25:00,sensor-04,0.81292,41.5213,0.50648,99.53608,0,40.19224
2026-01-01 19:30:00,sensor-04,0.65629,40.19224,0.50859,100.58596,0,39.2423
2026-01-01 19:35:00,sensor-04,0.52712,39.2423,0.3948,100.36135,0,39.3914
2026-01-01 19:40:00,sensor-04,0.64027,39.3914,0.41927,100.05039,0,39.27746
2026-01-01 19:45:00,sensor-04,0.48831,39.27746,0.37265,100.28384,0,37.15036
2026-01-01 19:50:00,sensor-04,0.4324,37.15036,0.36317,100.36815,0,38.43726
2026-01-01 19:55:00,sensor-04,0.39317,38.43726,0.35012,100.65462,0,37.68923
2026-01-01 20:00:00,sensor-04,0.46204,37.68923,0.36559,100.54534,0,37.87996
2026-01-01 20:05:00,sensor-04,0.37701,37.87996,0.31204,100.71382,0,37.77791
2026-01-01 20:10:00,sensor-04,0.36536,37.77791,0.29736,100.94017,0,38.14639
2026-01-01 20:15:00,sensor-04,0.3693,38.14639,0.35033,100.66626,0,36.70013
2026-01-01 20:20:00,sensor-04,0.2468,36.70013,0.26781,100.54167,0,36.7108
2026-01-01 20:25:00,sensor-04,0.26589,36.7108,0.29416,100.91323,0,36.86512
2026-01-01 20:30:00,sensor-04,0.29559,36.86512,0.30446,100.80906,0,37.09892
2026-01-01 20:35:00,sensor-04,0.26346,37.09892,0.25279,100.52625,0,37.29785
2026-01-01 20:40:00,sensor-04,0.29174,37.29785,0.32744,100.39081,0,36.17935
2026-01-01 20:45:00,sensor-04,0.18739,36.17935,0.32581,100.82623,0,37.84146
2026-01-01 20:50:00,sensor-04,0.39339,37.84146,0.47123,100.59712,0,37.70029
2026-01-01 20:55:00,sensor-04,0.36187,37.70029,0.30264,100.59913,0,35.65648
2026-01-01 21:00:00,sensor-04,0.18981,35.65648,0.20502,100.80065,0,35.75926
2026-01-01 21:05:00,sensor-04,0.18505,35.75926,0.3002,101.21427,0,36.68286
2026-01-01 21:10:00,sensor-04,0.20542,36.68286,0.28309,101.03702,0,38.1559
2026-01-01 21:15:00,sensor-04,0.39782,38.1559,0.31035,100.62107,0,38.90162
2026-01-01 21:20:00,sensor-04,0.39556,38.90162,0.28337,100.64631,0,38.22953
2026-01-01 21:25:00,sensor-04,0.36692,38.22953,0.34209,100.76667,0,38.69607
2026-01-01 21:30:00,sensor-04,0.48904,38.69607,0.38747,100.59133,0,37.50668
2026-01-01 21:35:00,sensor-04,0.4365,37.50668,0.31976,100.424,0,37.87669
2026-01-01 21:40:00,sensor-04,0.52872,37.87669,0.40783,100.10586,0,38.26853
2026-01-01 21:45:00,sensor-04,0.57255,38.26853,0.42717,100.29019,0,38.45234
2026-01-01 21:50:00,sensor-04,0.48875,38.45234,0.35309,100.40334,0,39.99879
2026-01-01 21:55:00,sensor-04,0.66198,39.99879,0.53265,100.01396,0,40.94721
2026-01-01 22:00:00,sensor-04,0.59416,40.94721,0.40049,100.19469,0,39.13796
2026-01-01 22:05:00,sensor-04,0.62099,39.13796,0.43242,100.34984,0,40.66898
2026-01-01 22:10:00,sensor-04,0.80089,40.66898,0.49947,99.89903,0,40.24487
2026-01-01 22:15:00,sensor-04,0.73113,40.24487,0.55719,100.27224,0,39.95995
2026-01-01 22:20:00,sensor-04,0.76875,39.95995,0.53708,99.64115,0,40.44592
2026-01-01 22:25:00,sensor-04,0.72898,40.44592,0.50708,100.05536,0,40.40195
2026-01-01 22:30:00,sensor-04,0.73731,40.40195,0.52118,100.0774,0,43.72171
2026-01-01 22:35:00,sensor-04,0.94306,43.72171,0.56883,99.42799,0,42.23608
2026-01-01 22:40:00,sensor-04,0.89146,42.23608,0.55575,99.62762,0,41.0231
2026-01-01 22:45:00,sensor-04,0.80247,41.0231,0.58785,99.86401,0,40.98857
2026-01-01 22:50:00,sensor-04,0.75539,40.98857,0.50525,100.17712,0,41.99369
2026-01-01 22:55:00,sensor-04,0.88535,41.99369,0.54446,99.71087,0,40.34015
2026-01-01 23:00:00,sensor-04,0.80313,40.34015,0.5497,99.69334,0,40.6897
2026-01-01 23:05:00,sensor-04,0.84145,40.6897,0.58059,99.74343,0,40.67869
2026-01-01 23:10:00,sensor-04,0.84207,40.67869,0.51542,99.9692,0,42.43943
2026-01-01 23:15:00,sensor-04,0.75152,42.43943,0.45676,99.97673,0,41.81797
2026-01-01 23:20:00,sensor-04,0.7874,41.81797,0.49807,99.65793,0,49.47404
2026-01-01 23:25:00,sensor-04,0.66111,49.47404,0.77659,100.00029,1,40.46883
2026-01-01 23:30:00,sensor-04,0.68377,40.46883,0.42664,100.23526,0,40.41339
2026-01-01 23:35:00,sensor-04,0.70914,40.41339,0.49015,99.85169,0,39.87446
2026-01-01 23:40:00,sensor-04,0.61466,39.87446,0.41267,100.20416,0,39.15335
2026-01-01 23:45:00,sensor-04,0.51802,39.15335,0.44329,100.56897,0,39.5788
2026-01-01 23:50:00,sensor-04,0.57092,39.5788,0.45532,100.08856,0,38.1244
2026-01-01 00:00:00,sensor-05,0.29653,38.008,0.28042,100.94386,0,37.92239
2026-01-01 00:05:00,sensor-05,0.37867,37.92239,0.39949,100.54928,0,38.72502
2026-01-01 00:10:00,sensor-05,0.52239,38.72502,0.42642,100.10192,0,38.2346
2026-01-01 00:15:00,sensor-05,0.45989,38.2346,0.37558,100.50559,0,39.53526
2026-01-01 00:20:00,sensor-05,0.56189,39.53526,0.39369,100.38114,0,39.55758
2026-01-01 00:25:00,sensor-05,0.61941,39.55758,0.43832,100.313,0,41.10934
2026-01-01 00:30:00,sensor-05,0.66166,41.10934,0.43418,100.27727,0,38.20475
2026-01-01 00:35:00,sensor-05,0.53193,38.20475,0.44101,100.4742,0,39.65262
2026-01-01 00:40:00,sensor-05,0.53545,39.65262,0.42868,100.4848,0,39.66753
2026-01-01 00:45:00,sensor-05,0.62414,39.66753,0.45166,100.0302,0,40.39465
2026-01-01 00:50:00,sensor-05,0.70977,40.39465,0.48141,100.25764,0,40.49138
2026-01-01 00:55:00,sensor-05,0.74817,40.49138,0.4362,99.80665,0,41.37735
2026-01-01 01:00:00,sensor-05,0.74193,41.37735,0.46009,99.7455,0,40.77851
2026-01-01 01:05:00,sensor-05,0.81861,40.77851,0.56165,99.92002,0,41.83892
2026-01-01 01:10:00,sensor-05,0.83132,41.83892,0.55544,99.55422,0,42.43303
2026-01-01 01:15:00,sensor-05,0.9324,42.43303,0.53509,99.47274,0,41.27651
2026-01-01 01:20:00,sensor-05,0.87359,41.27651,0.51588,99.65612,0,41.43516
2026-01-01 01:25:00,sensor-05,0.78917,41.43516,0.52591,99.8783,0,41.13859
2026-01-01 01:30:00,sensor-05,0.84347,41.13859,0.50205,99.69819,0,41.87868
2026-01-01 01:35:00,sensor-05,0.86931,41.87868,0.48151,99.71657,0,41.68533
2026-01-01 01:40:00,sensor-05,0.79515,41.68533,0.53685,99.68224,0,40.1469
2026-01-01 01:45:00,sensor-05,0.71909,40.1469,0.5435,100.29714,0,41.80652
2026-01-01 01:50:00,sensor-05,0.76396,41.80652,0.47107,100.01578,0,42.60732
2026-01-01 01:55:00,sensor-05,0.77481,42.60732,0.53041,99.91641,0,40.7444
2026-01-01 02:00:00,sensor-05,0.73859,40.7444,0.46081,100.03727,0,41.81345
2026-01-01 02:05:00,sensor-05,0.71108,41.81345,0.50598,100.21358,0,40.66305
2026-01-01 02:10:00,sensor-05,0.66638,40.66305,0.48653,100.13521,0,39.24801
2026-01-01 02:15:00,sensor-05,0.60882,39.24801,0.47865,100.21254,0,39.47843
2026-01-01 02:20:00,sensor-05,0.59886,39.47843,0.43752,100.48185,0,38.45671
2026-01-01 02:25:00,sensor-05,0.40901,38.45671,0.37297,100.49392,0,38.44148
2026-01-01 02:30:00,sensor-05,0.50489,38.44148,0.37269,100.16575,0,39.11974
2026-01-01 02:35:00,sensor-05,0.49006,39.11974,0.38012,100.27124,0,39.00276
2026-01-01 02:40:00,sensor-05,0.47756,39.00276,0.41935,100.29938,0,39.33958
2026-01-01 02:45:00,sensor-05,0.4685,39.33958,0.41394,100.26636,0,38.03691
2026-01-01 02:50:00,sensor-05,0.33541,38.03691,0.31277,100.68337,0,37.11148
2026-01-01 02:55:00,sensor-05,0.30909,37.11148,0.33296,100.68339,0,37.18409
2026-01-01 03:00:00,sensor-05,0.41651,37.18409,0.29341,100.51031,0,36.22209
2026-01-01 03:05:00,sensor-05,0.2625,36.22209,0.24896,101.1771,0,37.93469
2026-01-01 03:10:00,sensor-05,0.35134,37.93469,0.35264,100.66106,0,36.39478
2026-01-01 03:15:00,sensor-05,0.2723,36.39478,0.3231,100.86993,0,37.29684
2026-01-01 03:20:00,sensor-05,0.27844,37.29684,0.31192,100.60341,0,36.50887
2026-01-01 03:25:00,sensor-05,0.22495,36.50887,0.28195,100.89765,0,37.06116
2026-01-01 03:30:00,sensor-05,0.2476,37.06116,0.21589,100.89389,0,36.28145
2026-01-01 03:35:00,sensor-05,0.14696,36.28145,0.21171,100.96141,0,38.51704
2026-01-01 03:40:00,sensor-05,0.3224,38.51704,0.2818,100.54676,0,38.38295
2026-01-01 03:45:00,sensor-05,0.40592,38.38295,0.30847,100.88519,0,37.5892
2026-01-01 03:50:00,sensor-05,0.34502,37.5892,0.3366,101.04953,0,37.45203
2026-01-01 03:55:00,sensor-05,0.32576,37.45203,0.28085,100.82279,0,36.8258
2026-01-01 04:00:00,sensor-05,0.32691,36.8258,0.2923,100.74008,0,39.20235
2026-01-01 04:05:00,sensor-05,0.42274,39.20235,0.39823,100.38193,0,39.24239
2026-01-01 04:10:00,sensor-05,0.51225,39.24239,0.39287,100.12356,0,37.99864
2026-01-01 04:15:00,sensor-05,0.41396,37.99864,0.3607,100.48427,0,40.03031
2026-01-01 04:20:00,sensor-05,0.49194,40.03031,0.38974,100.4525,0,39.79784
2026-01-01 04:25:00,sensor-05,0.61731,39.79784,0.44839,100.21462,0,38.94542
2026-01-01 04:30:00,sensor-05,0.47709,38.94542,0.35859,100.30932,0,40.49798
2026-01-01 04:35:00,sensor-05,0.58652,40.49798,0.46386,100.03108,0,40.68313
2026-01-01 04:40:00,sensor-05,0.78418,40.68313,0.54181,99.78953,0,40.12056
2026-01-01 04:45:00,sensor-05,0.64718,40.12056,0.44509,100.06656,0,42.02922
2026-01-01 04:50:00,sensor-05,0.80549,42.02922,0.50136,99.51559,0,42.05849
2026-01-01 04:55:00,sensor-05,0.79108,42.05849,0.4664,100.05656,0,41.26657
2026-01-01 05:00:00,sensor-05,0.82806,41.26657,0.55097,99.88064,0,41.92055
2026-01-01 05:05:00,sensor-05,0.88204,41.92055,0.52815,99.76042,0,41.29441
2026-01-01 05:10:00,sensor-05,0.76668,41.29441,0.48868,99.8187,0,41.0888
2026-01-01 05:15:00,sensor-05,0.78584,41.0888,0.5323,99.74542,0,41.35498
2026-01-01 05:20:00,sensor-05,0.79749,41.35498,0.47757,99.92652,0,41.34031
2026-01-01 05:25:00,sensor-05,0.7741,41.34031,0.50394,100.01527,0,42.60904
2026-01-01 05:30:00,sensor-05,0.85737,42.60904,0.58701,99.87064,0,41.50019
2026-01-01 05:35:00,sensor-05,0.82537,41.50019,0.50363,99.83394,0,41.72898
2026-01-01 05:40:00,sensor-05,0.82017,41.72898,0.51784,99.54099,0,41.98453
2026-01-01 05:45:00,sensor-05,0.82543,41.98453,0.479,99.67281,0,41.80492
2026-01-01 05:50:00,sensor-05,0.79972,41.80492,0.4924,100.02643,0,40.86348
2026-01-01 05:55:00,sensor-05,0.76568,40.86348,0.49078,99.82019,0,42.17648
2026-01-01 06:00:00,sensor-05,0.80827,42.17648,0.51636,99.99704,0,41.9743
2026-01-01 06:05:00,sensor-05,0.76296,41.9743,0.44012,100.16946,0,40.04063
2026-01-01 06:10:00,sensor-05,0.53012,40.04063,0.35905,100.43827,0,39.78899
2026-01-01 06:15:00,sensor-05,0.67507,39.78899,0.48845,99.85005,0,40.53482
2026-01-01 06:20:00,sensor-05,0.64213,40.53482,0.47249,100.22736,0,39.85758
2026-01-01 06:25:00,sensor-05,0.62469,39.85758,0.41165,100.37242,0,39.41742
2026-01-01 06:30:00,sensor-05,0.52087,39.41742,0.40841,100.29686,0,37.63698
2026-01-01 06:35:00,sensor-05,0.35578,37.63698,0.35459,100.63481,0,38.6661
2026-01-01 06:40:00,sensor-05,0.42621,38.6661,0.26683,100.55784,0,39.27221
2026-01-01 06:45:00,sensor-05,0.42965,39.27221,0.38293,100.4966,0,37.14988
2026-01-01 06:50:00,sensor-05,0.28347,37.14988,0.29723,100.99714,0,36.18851
2026-01-01 06:55:00,sensor-05,0.28219,36.18851,0.23365,101.05138,0,37.89328
2026-01-01 07:00:00,sensor-05,0.31165,37.89328,0.24722,100.88657,0,38.46603
2026-01-01 07:05:00,sensor-05,0.41053,38.46603,0.34305,100.22049,0,36.81311
2026-01-01 07:10:00,sensor-05,0.27872,36.81311,0.23107,100.55368,0,37.42194
2026-01-01 07:15:00,sensor-05,0.31635,37.42194,0.24099,100.68461,0,36.80005
2026-01-01 07:20:00,sensor-05,0.2273,36.80005,0.25655,100.89112,0,37.3748
2026-01-01 07:25:00,sensor-05,0.20593,37.3748,0.25875,100.89339,0,37.05768
2026-01-01 07:30:00,sensor-05,0.30859,37.05768,0.32449,100.81601,0,36.32917
2026-01-01 07:35:00,sensor-05,0.20382,36.32917,0.22038,101.08278,0,37.03309
2026-01-01 07:40:00,sensor-05,0.2549,37.03309,0.30705,100.79747,0,37.34332
2026-01-01 07:45:00,sensor-05,0.22953,37.34332,0.32523,101.12713,0,38.71022
2026-01-01 07:50:00,sensor-05,0.41009,38.71022,0.33693,100.73958,0,37.86997
2026-01-01 07:55:00,sensor-05,0.37161,37.86997,0.34692,100.53682,0,37.75965
2026-01-01 08:00:00,sensor-05,0.35056,37.75965,0.28599,100.68981,0,38.38307
2026-01-01 08:05:00,sensor-05,0.42479,38.38307,0.36998,100.59553,0,37.46181
2026-01-01 08:10:00,sensor-05,0.37341,37.46181,0.31499,100.58495,0,39.77773
2026-01-01 08:15:00,sensor-05,0.55567,39.77773,0.46728,99.86379,0,37.50743
2026-01-01 08:20:00,sensor-05,0.42471,37.50743,0.36633,100.47176,0,39.8683
2026-01-01 08:25:00,sensor-05,0.56908,39.8683,0.38475,100.11067,0,39.42602
2026-01-01 08:30:00,sensor-05,0.58604,39.42602,0.36971,100.25865,0,41.25387
2026-01-01 08:35:00,sensor-05,0.77868,41.25387,0.46875,99.76225,0,41.09183
2026-01-01 08:40:00,sensor-05,0.6374,41.09183,0.45803,100.52705,0,39.59447
2026-01-01 08:45:00,sensor-05,0.58171,39.59447,0.36327,100.50373,0,40.76179
2026-01-01 08:50:00,sensor-05,0.70034,40.76179,0.51014,99.7493,0,39.50355
2026-01-01 08:55:00,sensor-05,0.63978,39.50355,0.46981,100.09872,0,41.9696
2026-01-01 09:00:00,sensor-05,0.80351,41.9696,0.50344,99.69569,0,41.13226
2026-01-01 09:05:00,sensor-05,0.73596,41.13226,0.44751,100.16462,0,40.95379
2026-01-01 09:10:00,sensor-05,0.79751,40.95379,0.45286,100.14154,0,39.56528
2026-01-01 09:15:00,sensor-05,0.6807,39.56528,0.48278,99.83772,0,41.73229
2026-01-01 09:20:00,sensor-05,0.8276,41.73229,0.55945,99.42869,0,43.06526
2026-01-01 09:25:00,sensor-05,0.88166,43.06526,0.55436,99.67678,0,41.31771
2026-01-01 09:30:00,sensor-05,0.83001,41.31771,0.49326,99.83871,0,41.57706
2026-01-01 09:35:00,sensor-05,0.85584,41.57706,0.56434,99.79281,0,42.01452
2026-01-01 09:40:00,sensor-05,0.82099,42.01452,0.53406,100.05062,0,41.08607
2026-01-01 09:45:00,sensor-05,0.78731,41.08607,0.50524,99.95749,0,41.7321
2026-01-01 09:50:00,sensor-05,0.77805,41.7321,0.47108,99.72869,0,40.26747
2026-01-01 09:55:00,sensor-05,0.65262,40.26747,0.50057,100.02408,0,40.74083
2026-01-01 10:00:00,sensor-05,0.72435,40.74083,0.53926,100.0849,0,39.83711
2026-01-01 10:05:00,sensor-05,0.62963,39.83711,0.48678,100.19179,0,39.90682
2026-01-01 10:10:00,sensor-05,0.60673,39.90682,0.45186,100.15097,0,40.08911
2026-01-01 10:15:00,sensor-05,0.61337,40.08911,0.44213,100.18359,0,40.3044
2026-01-01 10:20:00,sensor-05,0.59972,40.3044,0.42338,99.91843,0,39.10736
2026-01-01 10:25:00,sensor-05,0.47873,39.10736,0.41064,100.27167,0,38.10055
2026-01-01 10:30:00,sensor-05,0.35976,38.10055,0.27893,100.57886,0,38.64575
2026-01-01 10:35:00,sensor-05,0.41428,38.64575,0.30494,100.3256,0,38.20221
2026-01-01 10:40:00,sensor-05,0.36443,38.20221,0.3288,100.44475,0,38.10565
2026-01-01 10:45:00,sensor-05,0.38063,38.10565,0.38828,100.45467,0,38.58998
2026-01-01 10:50:00,sensor-05,0.31413,38.58998,0.27087,100.72855,0,38.67222
2026-01-01 10:55:00,sensor-05,0.33332,38.67222,0.26338,100.99038,0,38.3113
2026-01-01 11:00:00,sensor-05,0.33043,38.3113,0.32332,100.93359,0,37.84036
2026-01-01 11:05:00,sensor-05,0.27148,37.84036,0.29674,100.9542,0,37.41948
2026-01-01 11:10:00,sensor-05,0.32128,37.41948,0.29193,100.749,0,36.70769
2026-01-01 11:15:00,sensor-05,0.2194,36.70769,0.26645,100.64475,0,38.02201
2026-01-01 11:20:00,sensor-05,0.27752,38.02201,0.33656,100.81903,0,36.79806
2026-01-01 11:25:00,sensor-05,0.21835,36.79806,0.21458,100.97125,0,36.8939
2026-01-01 11:30:00,sensor-05,0.26668,36.8939,0.30365,101.05746,0,36.7068
2026-01-01 11:35:00,sensor-05,0.30933,36.7068,0.2812,100.49219,0,37.48203
2026-01-01 11:40:00,sensor-05,0.32832,37.48203,0.36522,100.93378,0,38.65938
2026-01-01 11:45:00,sensor-05,0.34626,38.65938,0.25787,100.75034,0,36.02637
2026-01-01 11:50:00,sensor-05,0.17241,36.02637,0.26985,100.55735,0,38.20057
2026-01-01 11:55:00,sensor-05,0.34827,38.20057,0.28852,100.97868,0,39.18712
2026-01-01 12:00:00,sensor-05,0.36995,39.18712,0.31346,100.78863,0,38.85469
2026-01-01 12:05:00,sensor-05,0.41384,38.85469,0.34414,100.54583,0,38.06051
2026-01-01 12:10:00,sensor-05,0.37181,38.06051,0.35734,100.40058,0,38.44434
2026-01-01 12:15:00,sensor-05,0.49356,38.44434,0.33707,100.49366,0,39.33214
2026-01-01 12:20:00,sensor-05,0.56665,39.33214,0.40009,100.09534,0,39.09893
2026-01-01 12:25:00,sensor-05,0.61386,39.09893,0.39311,100.13283,0,40.35626
2026-01-01 12:30:00,sensor-05,0.67314,40.35626,0.44829,100.1087,0,40.99216
2026-01-01 12:35:00,sensor-05,0.67725,40.99216,0.44246,100.00112,0,41.1437
2026-01-01 12:40:00,sensor-05,0.62879,41.1437,0.42988,100.29809,0,40.52511
2026-01-01 12:45:00,sensor-05,0.65538,40.52511,0.44714,100.07384,0,40.18856
2026-01-01 12:50:00,sensor-05,0.64725,40.18856,0.44608,100.06007,0,41.11621
2026-01-01 12:55:00,sensor-05,0.74448,41.11621,0.52384,100.04251,0,41.54131
2026-01-01 13:00:00,sensor-05,0.72439,41.54131,0.4986,99.79909,0,42.1891
2026-01-01 13:05:00,sensor-05,0.86239,42.1891,0.52003,99.70558,0,41.76419
2026-01-01 13:10:00,sensor-05,0.87502,41.76419,0.56242,100.03276,0,41.52064
2026-01-01 13:15:00,sensor-05,0.81209,41.52064,0.52277,100.06546,0,41.20449
2026-01-01 13:20:00,sensor-05,0.82058,41.20449,0.48263,99.99059,0,41.85672
2026-01-01 13:25:00,sensor-05,0.76853,41.85672,0.4411,99.99527,0,42.22944
2026-01-01 13:30:00,sensor-05,0.9383,42.22944,0.62764,99.85425,0,39.83807
2026-01-01 13:35:00,sensor-05,0.73159,39.83807,0.48647,99.79999,0,41.64685
2026-01-01 13:40:00,sensor-05,0.89329,41.64685,0.58378,99.35758,0,41.99305
2026-01-01 13:45:00,sensor-05,0.84058,41.99305,0.51406,99.53723,0,41.45823
2026-01-01 13:50:00,sensor-05,0.82551,41.45823,0.50705,99.77166,0,39.58908
2026-01-01 13:55:00,sensor-05,0.64794,39.58908,0.46053,100.21349,0,50.25655
2026-01-01 14:00:00,sensor-05,0.85442,50.25655,0.90425,99.83901,1,39.2667
2026-01-01 14:05:00,sensor-05,0.53779,39.2667,0.41377,100.44208,0,40.29636
2026-01-01 14:10:00,sensor-05,0.66888,40.29636,0.53046,99.93264,0,39.39612
2026-01-01 14:15:00,sensor-05,0.62364,39.39612,0.45521,100.21875,0,38.8596
2026-01-01 14:20:00,sensor-05,0.57708,38.8596,0.45465,100.2213,0,38.81104
2026-01-01 14:25:00,sensor-05,0.47461,38.81104,0.41989,100.18428,0,39.32272
2026-01-01 14:30:00,sensor-05,0.48464,39.32272,0.40186,100.55261,0,39.27343
2026-01-01 14:35:00,sensor-05,0.49875,39.27343,0.39234,100.3481,0,39.33602
2026-01-01 14:40:00,sensor-05,0.50055,39.33602,0.31406,100.59109,0,36.44477
2026-01-01 14:45:00,sensor-05,0.33322,36.44477,0.27797,100.63276,0,38.88852
2026-01-01 14:50:00,sensor-05,0.4124,38.88852,0.3255,100.58868,0,38.39934
2026-01-01 14:55:00,sensor-05,0.31748,38.39934,0.34275,100.72622,0,38.43814
2026-01-01 15:00:00,sensor-05,0.33425,38.43814,0.34832,100.8619,0,38.10911
2026-01-01 15:05:00,sensor-05,0.30729,38.10911,0.3586,100.73096,0,37.51596
2026-01-01 15:10:00,sensor-05,0.28806,37.51596,0.29707,100.47203,0,37.37885
2026-01-01 15:15:00,sensor-05,0.30512,37.37885,0.29203,100.6083,0,37.46903
2026-01-01 15:20:00,sensor-05,0.29488,37.46903,0.31136,100.65596,0,37.53798
2026-01-01 15:25:00,sensor-05,0.21438,37.53798,0.29146,101.01193,0,37.79365
2026-01-01 15:30:00,sensor-05,0.32804,37.79365,0.30178,100.85822,0,37.06231
2026-01-01 15:35:00,sensor-05,0.29239,37.06231,0.2367,100.32112,0,37.34391
2026-01-01 15:40:00,sensor-05,0.25196,37.34391,0.26446,100.81133,0,37.41978
2026-01-01 15:45:00,sensor-05,0.26203,37.41978,0.32669,101.09333,0,38.23505
2026-01-01 15:50:00,sensor-05,0.37487,38.23505,0.33981,100.63575,0,37.75539
2026-01-01 15:55:00,sensor-05,0.31974,37.75539,0.3145,100.8986,0,38.75526
2026-01-01 16:00:00,sensor-05,0.43781,38.75526,0.34849,100.11195,0,39.05714
2026-01-01 16:05:00,sensor-05,0.48869,39.05714,0.40875,100.41993,0,36.76581
2026-01-01 16:10:00,sensor-05,0.37407,36.76581,0.32228,100.76874,0,38.462
2026-01-01 16:15:00,sensor-05,0.41129,38.462,0.37967,100.66056,0,39.57593
2026-01-01 16:20:00,sensor-05,0.51565,39.57593,0.37389,100.50593,0,39.45732
2026-01-01 16:25:00,sensor-05,0.57814,39.45732,0.4426,100.02619,0,40.05294
2026-01-01 16:30:00,sensor-05,0.63239,40.05294,0.52197,100.0024,0,40.27854
2026-01-01 16:35:00,sensor-05,0.55406,40.27854,0.4342,100.23645,0,38.90544
2026-01-01 16:40:00,sensor-05,0.58575,38.90544,0.43534,100.0958,0,47.04449
2026-01-01 16:45:00,sensor-05,0.72118,47.04449,0.85794,100.02135,1,42.24607
2026-01-01 16:50:00,sensor-05,0.87341,42.24607,0.55391,99.68082,0,41.07413
2026-01-01 16:55:00,sensor-05,0.78278,41.07413,0.52747,99.79188,0,41.23018
2026-01-01 17:00:00,sensor-05,0.74504,41.23018,0.4737,100.14952,0,40.6932
2026-01-01 17:05:00,sensor-05,0.66794,40.6932,0.46581,100.23855,0,41.35648
2026-01-01 17:10:00,sensor-05,0.77124,41.35648,0.47098,99.91061,0,42.34888
2026-01-01 17:15:00,sensor-05,0.88965,42.34888,0.54703,99.48461,0,42.07463
2026-01-01 17:20:00,sensor-05,0.80138,42.07463,0.47231,99.99547,0,42.61857
2026-01-01 17:25:00,sensor-05,0.84989,42.61857,0.50713,99.87939,0,42.04431
2026-01-01 17:30:00,sensor-05,0.91317,42.04431,0.51346,99.76714,0,41.79705
2026-01-01 17:35:00,sensor-05,0.79384,41.79705,0.58418,99.95992,0,42.10855
2026-01-01 17:40:00,sensor-05,0.88219,42.10855,0.52522,99.8285,0,42.87972
2026-01-01 17:45:00,sensor-05,0.88748,42.87972,0.54463,99.51494,0,41.81091
2026-01-01 17:50:00,sensor-05,0.87224,41.81091,0.5464,99.78205,0,40.63987
2026-01-01 17:55:00,sensor-05,0.7338,40.63987,0.46424,99.91438,0,39.82723
2026-01-01 18:00:00,sensor-05,0.69488,39.82723,0.49373,100.08837,0,41.46434
2026-01-01 18:05:00,sensor-05,0.70607,41.46434,0.39801,99.85259,0,40.94306
2026-01-01 18:10:00,sensor-05,0.70866,40.94306,0.49533,99.88702,0,40.77919
2026-01-01 18:15:00,sensor-05,0.66808,40.77919,0.50139,100.34247,0,39.53603
2026-01-01 18:20:00,sensor-05,0.54611,39.53603,0.41679,100.39581,0,39.06748
2026-01-01 18:25:00,sensor-05,0.51497,39.06748,0.38589,100.16313,0,39.00033
2026-01-01 18:30:00,sensor-05,0.45608,39.00033,0.36978,100.06641,0,39.8001
2026-01-01 18:35:00,sensor-05,0.50817,39.8001,0.39367,100.09917,0,38.87234
2026-01-01 18:40:00,sensor-05,0.4979,38.87234,0.34474,100.32113,0,37.98548
2026-01-01 18:45:00,sensor-05,0.39901,37.98548,0.3742,100.6389,0,37.59728
2026-01-01 18:50:00,sensor-05,0.31921,37.59728,0.29547,101.25017,0,37.32807
2026-01-01 18:55:00,sensor-05,0.29857,37.32807,0.33898,100.83374,0,37.22974
2026-01-01 19:00:00,sensor-05,0.31778,37.22974,0.35869,100.41262,0,37.19447
2026-01-01 19:05:00,sensor-05,0.25622,37.19447,0.29123,100.54907,0,35.8526
2026-01-01 19:10:00,sensor-05,0.23375,35.8526,0.29761,101.08339,0,38.88519
2026-01-01 19:15:00,sensor-05,0.39009,38.88519,0.4145,100.74412,0,37.4954
2026-01-01 19:20:00,sensor-05,0.19674,37.4954,0.27537,100.67768,0,36.69904
2026-01-01 19:25:00,sensor-05,0.21052,36.69904,0.2264,100.86848,0,36.72825
2026-01-01 19:30:00,sensor-05,0.20108,36.72825,0.31465,101.1642,0,37.94932
2026-01-01 19:35:00,sensor-05,0.32701,37.94932,0.38063,100.56793,0,37.15501
2026-01-01 19:40:00,sensor-05,0.26626,37.15501,0.26979,101.17075,0,38.23976
2026-01-01 19:45:00,sensor-05,0.32267,38.23976,0.25005,100.78556,0,37.3133
2026-01-01 19:50:00,sensor-05,0.22439,37.3133,0.26938,100.62162,0,45.10483
2026-01-01 19:55:00,sensor-05,0.24738,45.10483,0.64404,100.86242,1,38.70616
2026-01-01 20:00:00,sensor-05,0.38759,38.70616,0.34362,100.72581,0,38.53887
2026-01-01 20:05:00,sensor-05,0.39978,38.53887,0.33628,100.84461,0,38.23546
2026-01-01 20:10:00,sensor-05,0.44506,38.23546,0.38333,100.47647,0,39.77363
2026-01-01 20:15:00,sensor-05,0.53888,39.77363,0.40127,100.23921,0,39.47088
2026-01-01 20:20:00,sensor-05,0.50624,39.47088,0.39419,100.60152,0,39.89467
2026-01-01 20:25:00,sensor-05,0.56181,39.89467,0.4316,100.592,0,40.61374
2026-01-01 20:30:00,sensor-05,0.57726,40.61374,0.37778,100.14686,0,40.40436
2026-01-01 20:35:00,sensor-05,0.60967,40.40436,0.43687,100.02195,0,41.4271
2026-01-01 20:40:00,sensor-05,0.65894,41.4271,0.41146,100.23563,0,40.10825
2026-01-01 20:45:00,sensor-05,0.67681,40.10825,0.48072,100.10918,0,41.25465
2026-01-01 20:50:00,sensor-05,0.75771,41.25465,0.50609,100.19624,0,41.42635
2026-01-01 20:55:00,sensor-05,0.73274,41.42635,0.50516,99.8835,0,41.62369
2026-01-01 21:00:00,sensor-05,0.85543,41.62369,0.54501,99.71802,0,41.57832
2026-01-01 21:05:00,sensor-05,0.75414,41.57832,0.47262,100.04009,0,40.88199
2026-01-01 21:10:00,sensor-05,0.82167,40.88199,0.5842,99.78238,0,40.59553
2026-01-01 21:15:00,sensor-05,0.7552,40.59553,0.50775,99.78998,0,43.13621
2026-01-01 21:20:00,sensor-05,0.93441,43.13621,0.54865,99.48404,0,42.13459
2026-01-01 21:25:00,sensor-05,0.82931,42.13459,0.47102,100.11869,0,42.70405
2026-01-01 21:30:00,sensor-05,0.93241,42.70405,0.58848,99.75024,0,42.76831
2026-01-01 21:35:00,sensor-05,0.94742,42.76831,0.57494,99.43541,0,40.97563
2026-01-01 21:40:00,sensor-05,0.67556,40.97563,0.44671,100.22247,0,40.78619
2026-01-01 21:45:00,sensor-05,0.70166,40.78619,0.49348,99.94011,0,42.01455
2026-01-01 21:50:00,sensor-05,0.94473,42.01455,0.63137,99.37813,0,41.71802
2026-01-01 21:55:00,sensor-05,0.73045,41.71802,0.51471,99.69488,0,40.2103
2026-01-01 22:00:00,sensor-05,0.64496,40.2103,0.46506,100.07138,0,41.12081
2026-01-01 22:05:00,sensor-05,0.64247,41.12081,0.43364,100.03756,0,39.81127
2026-01-01 22:10:00,sensor-05,0.65582,39.81127,0.46339,100.15673,0,39.83859
2026-01-01 22:15:00,sensor-05,0.59835,39.83859,0.45069,100.359,0,40.46815
2026-01-01 22:20:00,sensor-05,0.63632,40.46815,0.44864,100.19604,0,38.84317
2026-01-01 22:25:00,sensor-05,0.5392,38.84317,0.41009,100.29723,0,38.6433
2026-01-01 22:30:00,sensor-05,0.47404,38.6433,0.41222,100.35422,0,39.37304
2026-01-01 22:35:00,sensor-05,0.58305,39.37304,0.38219,100.26249,0,38.5959
2026-01-01 22:40:00,sensor-05,0.41875,38.5959,0.35397,100.48523,0,38.93602
2026-01-01 22:45:00,sensor-05,0.49468,38.93602,0.35506,100.59171,0,37.06803
2026-01-01 22:50:00,sensor-05,0.25749,37.06803,0.30219,100.9763,0,37.4795
2026-01-01 22:55:00,sensor-05,0.25929,37.4795,0.28912,101.27025,0,36.75182
2026-01-01 23:00:00,sensor-05,0.244,36.75182,0.28994,100.76326,0,37.32246
2026-01-01 23:05:00,sensor-05,0.28964,37.32246,0.28927,100.62037,0,37.87534
2026-01-01 23:10:00,sensor-05,0.32352,37.87534,0.32371,100.6678,0,36.78782
2026-01-01 23:15:00,sensor-05,0.2569,36.78782,0.25895,100.96676,0,37.15804
2026-01-01 23:20:00,sensor-05,0.26716,37.15804,0.34706,100.58001,0,37.80074
2026-01-01 23:25:00,sensor-05,0.3913,37.80074,0.37555,100.51747,0,46.38456
2026-01-01 23:30:00,sensor-05,0.39866,46.38456,0.66839,100.77512,1,38.46059
2026-01-01 23:35:00,sensor-05,0.30256,38.46059,0.34497,101.01655,0,37.10898
2026-01-01 23:40:00,sensor-05,0.31054,37.10898,0.2948,100.87778,0,36.9021
2026-01-01 23:45:00,sensor-05,0.23972,36.9021,0.31572,101.16938,0,37.72778
2026-01-01 23:50:00,sensor-05,0.28276,37.72778,0.33366,100.96375,0,37.62483
2026-01-01 00:00:00,sensor-06,0.84861,42.47537,0.49624,99.9016,0,39.79761
2026-01-01 00:05:00,sensor-06,0.71126,39.79761,0.57427,100.05485,0,40.85273
2026-01-01 00:10:00,sensor-06,0.74234,40.85273,0.53561,99.80932,0,41.70827
2026-01-01 00:15:00,sensor-06,0.84666,41.70827,0.53191,99.75113,0,41.45733
2026-01-01 00:20:00,sensor-06,0.83972,41.45733,0.51541,99.72713,0,41.87707
2026-01-01 00:25:00,sensor-06,0.81618,41.87707,0.55345,100.0027,0,41.06228
2026-01-01 00:30:00,sensor-06,0.83722,41.06228,0.52823,99.94946,0,41.83254
2026-01-01 00:35:00,sensor-06,0.90005,41.83254,0.5785,99.65857,0,41.36399
2026-01-01 00:40:00,sensor-06,0.82643,41.36399,0.46696,99.76297,0,40.74027
2026-01-01 00:45:00,sensor-06,0.70984,40.74027,0.49783,99.72917,0,40.67943
2026-01-01 00:50:00,sensor-06,0.72575,40.67943,0.47275,99.59217,0,39.18276
2026-01-01 00:55:00,sensor-06,0.61866,39.18276,0.42375,100.02131,0,39.34948
2026-01-01 01:00:00,sensor-06,0.62348,39.34948,0.38933,100.26722,0,39.58702
2026-01-01 01:05:00,sensor-06,0.66771,39.58702,0.46173,99.90563,0,40.35058
2026-01-01 01:10:00,sensor-06,0.65731,40.35058,0.51035,99.96935,0,40.13148
2026-01-01 01:15:00,sensor-06,0.68488,40.13148,0.48233,100.12634,0,39.43425
2026-01-01 01:20:00,sensor-06,0.56356,39.43425,0.40694,100.4193,0,39.95978
2026-01-01 01:25:00,sensor-06,0.58151,39.95978,0.40913,99.73315,0,39.12429
2026-01-01 01:30:00,sensor-06,0.49762,39.12429,0.4167,100.45474,0,37.9621
2026-01-01 01:35:00,sensor-06,0.37345,37.9621,0.26902,100.65848,0,39.03169
2026-01-01 01:40:00,sensor-06,0.34985,39.03169,0.36281,100.57738,0,37.52601
2026-01-01 01:45:00,sensor-06,0.29999,37.52601,0.39378,100.65174,0,36.64084
2026-01-01 01:50:00,sensor-06,0.263,36.64084,0.21201,100.62432,0,37.85293
2026-01-01 01:55:00,sensor-06,0.28557,37.85293,0.29985,100.67236,0,36.61945
2026-01-01 02:00:00,sensor-06,0.22685,36.61945,0.26632,100.9554,0,38.24228
2026-01-01 02:05:00,sensor-06,0.3393,38.24228,0.32024,100.55101,0,38.31669
2026-01-01 02:10:00,sensor-06,0.35578,38.31669,0.28302,100.74702,0,36.21491
2026-01-01 02:15:00,sensor-06,0.20936,36.21491,0.32155,100.9951,0,37.19542
2026-01-01 02:20:00,sensor-06,0.29518,37.19542,0.26667,100.68595,0,36.46863
2026-01-01 02:25:00,sensor-06,0.24264,36.46863,0.3302,100.81424,0,37.10559
2026-01-01 02:30:00,sensor-06,0.33545,37.10559,0.23755,100.77857,0,38.1077
2026-01-01 02:35:00,sensor-06,0.29319,38.1077,0.25801,100.48652,0,37.2281
2026-01-01 02:40:00,sensor-06,0.27462,37.2281,0.28213,100.79277,0,36.90784
2026-01-01 02:45:00,sensor-06,0.2317,36.90784,0.31004,100.87257,0,39.11048
2026-01-01 02:50:00,sensor-06,0.41248,39.11048,0.37699,100.38242,0,38.13545
2026-01-01 02:55:00,sensor-06,0.39616,38.13545,0.36944,100.81228,0,38.66227
2026-01-01 03:00:00,sensor-06,0.50003,38.66227,0.33385,100.33649,0,38.07707
2026-01-01 03:05:00,sensor-06,0.37044,38.07707,0.35287,100.65984,0,38.77555
2026-01-01 03:10:00,sensor-06,0.47131,38.77555,0.3536,100.63744,0,38.80347
2026-01-01 03:15:00,sensor-06,0.4509,38.80347,0.39687,100.70726,0,40.76245
2026-01-01 03:20:00,sensor-06,0.71064,40.76245,0.46611,100.10053,0,39.02767
2026-01-01 03:25:00,sensor-06,0.63961,39.02767,0.48454,100.17918,0,40.68736
2026-01-01 03:30:00,sensor-06,0.67688,40.68736,0.42689,100.21979,0,39.54578
2026-01-01 03:35:00,sensor-06,0.66036,39.54578,0.41254,100.33824,0,40.10381
2026-01-01 03:40:00,sensor-06,0.75123,40.10381,0.48173,99.85501,0,41.7267
2026-01-01 03:45:00,sensor-06,0.81199,41.7267,0.56641,99.47222,0,40.87701
2026-01-01 03:50:00,sensor-06,0.74599,40.87701,0.48427,100.1455,0,42.11159
2026-01-01 03:55:00,sensor-06,0.87743,42.11159,0.48496,99.41686,0,40.11421
2026-01-01 04:00:00,sensor-06,0.74996,40.11421,0.5166,99.88257,0,40.54038
2026-01-01 04:05:00,sensor-06,0.79957,40.54038,0.54838,99.71727,0,42.86655
2026-01-01 04:10:00,sensor-06,0.92201,42.86655,0.57672,99.86994,0,42.39653
2026-01-01 04:15:00,sensor-06,0.91068,42.39653,0.51922,99.93999,0,41.15927
2026-01-01 04:20:00,sensor-06,0.71405,41.15927,0.48642,99.93282,0,42.22776
2026-01-01 04:25:00,sensor-06,0.8358,42.22776,0.48464,99.85508,0,42.88328
2026-01-01 04:30:00,sensor-06,0.89625,42.88328,0.59701,99.65904,0,42.0282
2026-01-01 04:35:00,sensor-06,0.79348,42.0282,0.46531,99.57252,0,40.41055
2026-01-01 04:40:00,sensor-06,0.74887,40.41055,0.46917,99.96424,0,40.58737
2026-01-01 04:45:00,sensor-06,0.72377,40.58737,0.48494,100.15152,0,40.77074
2026-01-01 04:50:00,sensor-06,0.72252,40.77074,0.51083,100.30323,0,40.45789
2026-01-01 04:55:00,sensor-06,0.70827,40.45789,0.47559,100.11832,0,41.15287
2026-01-01 05:00:00,sensor-06,0.75476,41.15287,0.55993,99.77074,0,39.88184
2026-01-01 05:05:00,sensor-06,0.63841,39.88184,0.37925,100.10024,0,39.09199
2026-01-01 05:10:00,sensor-06,0.64327,39.09199,0.4407,100.19391,0,39.11709
2026-01-01 05:15:00,sensor-06,0.43773,39.11709,0.39822,100.52277,0,39.48209
2026-01-01 05:20:00,sensor-06,0.51788,39.48209,0.37912,100.63092,0,37.37596
2026-01-01 05:25:00,sensor-06,0.40768,37.37596,0.34325,100.65976,0,38.40386
2026-01-01 05:30:00,sensor-06,0.42623,38.40386,0.32124,100.74875,0,38.25864
2026-01-01 05:35:00,sensor-06,0.33547,38.25864,0.32447,100.4264,0,38.15924
2026-01-01 05:40:00,sensor-06,0.40768,38.15924,0.34567,100.27608,0,37.99342
2026-01-01 05:45:00,sensor-06,0.33722,37.99342,0.31614,100.8896,0,37.4992
2026-01-01 05:50:00,sensor-06,0.37016,37.4992,0.28261,100.54808,0,37.67878
2026-01-01 05:55:00,sensor-06,0.26692,37.67878,0.29921,100.66866,0,36.68797
2026-01-01 06:00:00,sensor-06,0.17742,36.68797,0.24542,100.94755,0,36.71933
2026-01-01 06:05:00,sensor-06,0.17472,36.71933,0.22201,100.89082,0,37.21337
2026-01-01 06:10:00,sensor-06,0.28188,37.21337,0.27208,100.65588,0,35.78915
2026-01-01 06:15:00,sensor-06,0.2121,35.78915,0.27047,100.82557,0,35.17633
2026-01-01 06:20:00,sensor-06,0.03675,35.17633,0.1847,101.26551,0,36.88227
2026-01-01 06:25:00,sensor-06,0.23787,36.88227,0.25119,100.76799,0,36.34584
2026-01-01 06:30:00,sensor-06,0.16641,36.34584,0.27271,100.94155,0,38.47057
2026-01-01 06:35:00,sensor-06,0.33177,38.47057,0.34255,100.94462,0,37.45858
2026-01-01 06:40:00,sensor-06,0.30466,37.45858,0.27022,100.94207,0,37.51267
2026-01-01 06:45:00,sensor-06,0.25928,37.51267,0.30309,101.02701,0,37.52138
2026-01-01 06:50:00,sensor-06,0.28241,37.52138,0.29584,100.66744,0,37.95563
2026-01-01 06:55:00,sensor-06,0.34041,37.95563,0.29924,100.55925,0,38.57854
2026-01-01 07:00:00,sensor-06,0.43885,38.57854,0.31507,100.59708,0,38.68747
2026-01-01 07:05:00,sensor-06,0.43642,38.68747,0.39773,100.37535,0,39.4404
2026-01-01 07:10:00,sensor-06,0.49697,39.4404,0.35102,100.12803,0,39.21213
2026-01-01 07:15:00,sensor-06,0.56305,39.21213,0.44813,100.47288,0,41.15437
2026-01-01 07:20:00,sensor-06,0.64221,41.15437,0.49976,99.90451,0,38.55739
2026-01-01 07:25:00,sensor-06,0.59039,38.55739,0.44063,100.27073,0,41.21695
2026-01-01 07:30:00,sensor-06,0.6655,41.21695,0.44971,100.11716,0,40.49243
2026-01-01 07:35:00,sensor-06,0.68792,40.49243,0.49915,100.23322,0,46.96955
2026-01-01 07:40:00,sensor-06,0.74518,46.96955,0.86408,99.98235,1,48.8916
2026-01-01 07:45:00,sensor-06,0.82665,48.8916,0.8213,99.95351,1,40.89331
2026-01-01 07:50:00,sensor-06,0.77396,40.89331,0.44076,99.83536,0,42.18942
2026-01-01 07:55:00,sensor-06,0.83409,42.18942,0.54501,99.75852,0,41.80869
2026-01-01 08:00:00,sensor-06,0.77799,41.80869,0.4421,99.80559,0,41.82121
2026-01-01 08:05:00,sensor-06,0.76376,41.82121,0.51515,99.86289,0,42.65521
2026-01-01 08:10:00,sensor-06,0.89248,42.65521,0.56691,99.89129,0,40.96344
2026-01-01 08:15:00,sensor-06,0.77566,40.96344,0.49034,99.78475,0,41.74388
2026-01-01 08:20:00,sensor-06,0.80679,41.74388,0.5198,99.51167,0,47.37522
2026-01-01 08:25:00,sensor-06,0.90284,47.37522,0.92717,99.48534,1,41.09001
2026-01-01 08:30:00,sensor-06,0.88995,41.09001,0.55659,99.27221,0,40.8566
2026-01-01 08:35:00,sensor-06,0.91478,40.8566,0.52833,99.39929,0,40.91423
2026-01-01 08:40:00,sensor-06,0.78827,40.91423,0.51355,100.21281,0,41.6654
2026-01-01 08:45:00,sensor-06,0.77884,41.6654,0.50687,99.84768,0,41.62758
2026-01-01 08:50:00,sensor-06,0.82343,41.62758,0.49153,99.58412,0,39.94698
2026-01-01 08:55:00,sensor-06,0.6588,39.94698,0.50747,99.65022,0,39.68518
2026-01-01 09:00:00,sensor-06,0.61926,39.68518,0.44737,100.21061,0,39.40755
2026-01-01 09:05:00,sensor-06,0.6259,39.40755,0.4681,100.15693,0,39.40817
2026-01-01 09:10:00,sensor-06,0.55017,39.40817,0.39995,100.39765,0,38.5779
2026-01-01 09:15:00,sensor-06,0.53108,38.5779,0.4371,100.43341,0,38.43798
2026-01-01 09:20:00,sensor-06,0.48763,38.43798,0.36891,100.23459,0,37.48325
2026-01-01 09:25:00,sensor-06,0.37532,37.48325,0.3631,100.5541,0,38.92031
2026-01-01 09:30:00,sensor-06,0.40205,38.92031,0.31363,100.65763,0,38.23761
2026-01-01 09:35:00,sensor-06,0.31052,38.23761,0.26395,100.5551,0,36.85886
2026-01-01 09:40:00,sensor-06,0.27537,36.85886,0.33198,100.56021,0,37.83165
2026-01-01 09:45:00,sensor-06,0.37695,37.83165,0.35798,100.53591,0,35.84376
2026-01-01 09:50:00,sensor-06,0.23245,35.84376,0.25172,100.94596,0,37.12634
2026-01-01 09:55:00,sensor-06,0.26657,37.12634,0.27291,100.53819,0,38.02272
2026-01-01 10:00:00,sensor-06,0.29182,38.02272,0.29602,100.90889,0,37.40023
2026-01-01 10:05:00,sensor-06,0.2516,37.40023,0.27429,100.98552,0,36.85093
2026-01-01 10:10:00,sensor-06,0.22573,36.85093,0.24675,101.07034,0,36.5434
2026-01-01 10:15:00,sensor-06,0.13077,36.5434,0.26747,101.06179,0,37.63314
2026-01-01 10:20:00,sensor-06,0.20757,37.63314,0.26198,100.90969,0,37.50493
2026-01-01 10:25:00,sensor-06,0.26096,37.50493,0.27472,100.82076,0,36.79023
2026-01-01 10:30:00,sensor-06,0.20189,36.79023,0.20242,101.1881,0,36.57109
2026-01-01 10:35:00,sensor-06,0.25643,36.57109,0.28261,100.76254,0,38.19897
2026-01-01 10:40:00,sensor-06,0.32817,38.19897,0.29939,100.57338,0,37.72772
2026-01-01 10:45:00,sensor-06,0.37583,37.72772,0.37418,100.45382,0,38.04996
2026-01-01 10:50:00,sensor-06,0.27901,38.04996,0.33054,100.77585,0,38.21239
2026-01-01 10:55:00,sensor-06,0.42456,38.21239,0.33333,100.42701,0,38.21129
2026-01-01 11:00:00,sensor-06,0.46645,38.21129,0.41432,100.28356,0,40.36635
2026-01-01 11:05:00,sensor-06,0.48833,40.36635,0.40065,100.48584,0,38.56351
2026-01-01 11:10:00,sensor-06,0.44166,38.56351,0.34472,100.46211,0,38.38973
2026-01-01 11:15:00,sensor-06,0.40387,38.38973,0.32327,100.46187,0,40.06426
2026-01-01 11:20:00,sensor-06,0.566,40.06426,0.40518,100.25457,0,40.01048
2026-01-01 11:25:00,sensor-06,0.62505,40.01048,0.43707,100.15327,0,40.7547
2026-01-01 11:30:00,sensor-06,0.75296,40.7547,0.57937,99.7971,0,40.90245
2026-01-01 11:35:00,sensor-06,0.68737,40.90245,0.45574,100.30822,0,40.85154
2026-01-01 11:40:00,sensor-06,0.67043,40.85154,0.51233,100.15482,0,42.5481
2026-01-01 11:45:00,sensor-06,0.84343,42.5481,0.56121,99.95135,0,41.91562
2026-01-01 11:50:00,sensor-06,0.81333,41.91562,0.46358,99.70573,0,40.08526
2026-01-01 11:55:00,sensor-06,0.72271,40.08526,0.48129,100.02744,0,41.70615
2026-01-01 12:00:00,sensor-06,0.83074,41.70615,0.49293,99.78563,0,41.33664
2026-01-01 12:05:00,sensor-06,0.82179,41.33664,0.54729,99.75971,0,40.45026
2026-01-01 12:10:00,sensor-06,0.81046,40.45026,0.5408,99.8642,0,41.13689
2026-01-01 12:15:00,sensor-06,0.8954,41.13689,0.55023,99.76228,0,41.60851
2026-01-01 12:20:00,sensor-06,0.85514,41.60851,0.58523,100.01392,0,42.12599
2026-01-01 12:25:00,sensor-06,0.9191,42.12599,0.56191,99.61585,0,43.14179
2026-01-01 12:30:00,sensor-06,1.0,43.14179,0.63657,99.67962,0,41.16485
2026-01-01 12:35:00,sensor-06,0.75328,41.16485,0.5265,100.06528,0,40.92512
2026-01-01 12:40:00,sensor-06,0.78453,40.92512,0.56417,99.69534,0,40.74698
2026-01-01 12:45:00,sensor-06,0.70226,40.74698,0.49438,100.13263,0,40.5593
2026-01-01 12:50:00,sensor-06,0.74149,40.5593,0.46731,99.98248,0,40.24353
2026-01-01 12:55:00,sensor-06,0.70784,40.24353,0.54664,100.28691,0,41.58528
2026-01-01 13:00:00,sensor-06,0.72271,41.58528,0.46906,100.09583,0,40.12145
2026-01-01 13:05:00,sensor-06,0.6923,40.12145,0.48966,99.93671,0,39.5983
2026-01-01 13:10:00,sensor-06,0.66589,39.5983,0.43623,100.02913,0,38.98058
2026-01-01 13:15:00,sensor-06,0.44873,38.98058,0.30836,100.39112,0,40.26913
2026-01-01 13:20:00,sensor-06,0.64227,40.26913,0.43675,100.15183,0,38.80651
2026-01-01 13:25:00,sensor-06,0.47901,38.80651,0.3859,100.37442,0,38.40451
2026-01-01 13:30:00,sensor-06,0.40202,38.40451,0.39004,100.53006,0,38.10127
2026-01-01 13:35:00,sensor-06,0.43609,38.10127,0.40096,100.38375,0,38.07061
2026-01-01 13:40:00,sensor-06,0.3799,38.07061,0.36774,100.37986,0,36.67743
2026-01-01 13:45:00,sensor-06,0.28588,36.67743,0.31752,100.93539,0,37.32583
2026-01-01 13:50:00,sensor-06,0.27741,37.32583,0.33707,100.5618,0,44.55669
2026-01-01 13:55:00,sensor-06,0.37821,44.55669,0.65579,100.59836,1,37.60574
2026-01-01 14:00:00,sensor-06,0.2681,37.60574,0.3432,100.68394,0,36.25837
2026-01-01 14:05:00,sensor-06,0.1496,36.25837,0.2838,101.0833,0,37.28441
2026-01-01 14:10:00,sensor-06,0.20253,37.28441,0.26587,100.75608,0,38.2748
2026-01-01 14:15:00,sensor-06,0.34184,38.2748,0.33531,100.49045,0,37.67815
2026-01-01 14:20:00,sensor-06,0.27822,37.67815,0.29564,100.58472,0,36.68036
2026-01-01 14:25:00,sensor-06,0.27355,36.68036,0.25498,100.77023,0,38.75528
2026-01-01 14:30:00,sensor-06,0.36027,38.75528,0.32495,100.99867,0,38.57268
2026-01-01 14:35:00,sensor-06,0.36959,38.57268,0.29873,100.72478,0,37.57866
2026-01-01 14:40:00,sensor-06,0.23592,37.57866,0.31391,100.7011,0,38.07272
2026-01-01 14:45:00,sensor-06,0.35463,38.07272,0.35715,100.74695,0,38.39065
2026-01-01 14:50:00,sensor-06,0.30792,38.39065,0.23035,100.892,0,39.85433
2026-01-01 14:55:00,sensor-06,0.46099,39.85433,0.42581,100.68595,0,40.10315
2026-01-01 15:00:00,sensor-06,0.50902,40.10315,0.42986,100.54058,0,38.61854
2026-01-01 15:05:00,sensor-06,0.46983,38.61854,0.34627,100.51857,0,37.84232
2026-01-01 15:10:00,sensor-06,0.36159,37.84232,0.32533,100.70368,0,39.89552
2026-01-01 15:15:00,sensor-06,0.53041,39.89552,0.33201,100.60965,0,40.20603
2026-01-01 15:20:00,sensor-06,0.59076,40.20603,0.41032,100.36679,0,39.39056
2026-01-01 15:25:00,sensor-06,0.56665,39.39056,0.41602,100.49343,0,40.8298
2026-01-01 15:30:00,sensor-06,0.68696,40.8298,0.51835,100.21407,0,41.60685
2026-01-01 15:35:00,sensor-06,0.8295,41.60685,0.48528,99.65534,0,40.58004
2026-01-01 15:40:00,sensor-06,0.73448,40.58004,0.51363,99.82275,0,42.38055
2026-01-01 15:45:00,sensor-06,0.88273,42.38055,0.55337,99.79602,0,40.57296
2026-01-01 15:50:00,sensor-06,0.75804,40.57296,0.47519,99.94336,0,41.97878
2026-01-01 15:55:00,sensor-06,0.92048,41.97878,0.53096,99.67056,0,41.86579
2026-01-01 16:00:00,sensor-06,0.83426,41.86579,0.53229,99.72843,0,43.33766
2026-01-01 16:05:00,sensor-06,0.82377,43.33766,0.52701,99.93434,0,41.62423
2026-01-01 16:10:00,sensor-06,0.83855,41.62423,0.53785,99.43963,0,42.99576
2026-01-01 16:15:00,sensor-06,0.86143,42.99576,0.513,99.57355,0,40.42232
2026-01-01 16:20:00,sensor-06,0.78052,40.42232,0.50645,100.14119,0,41.98302
2026-01-01 16:25:00,sensor-06,0.8605,41.98302,0.55701,99.9481,0,41.7496
2026-01-01 16:30:00,sensor-06,0.89426,41.7496,0.57825,99.6669,0,40.95175
2026-01-01 16:35:00,sensor-06,0.74833,40.95175,0.50204,100.17374,0,41.38258
2026-01-01 16:40:00,sensor-06,0.72911,41.38258,0.45986,99.80759,0,40.64431
2026-01-01 16:45:00,sensor-06,0.72177,40.64431,0.42925,99.95223,0,41.25701
2026-01-01 16:50:00,sensor-06,0.7567,41.25701,0.4339,99.91039,0,41.34462
2026-01-01 16:55:00,sensor-06,0.76782,41.34462,0.5804,99.80618,0,39.1696
2026-01-01 17:00:00,sensor-06,0.60219,39.1696,0.43293,100.44486,0,38.9283
2026-01-01 17:05:00,sensor-06,0.61223,38.9283,0.43109,100.06467,0,41.24849
2026-01-01 17:10:00,sensor-06,0.6773,41.24849,0.50323,99.91471,0,39.07431
2026-01-01 17:15:00,sensor-06,0.50282,39.07431,0.36852,100.34016,0,39.14204
2026-01-01 17:20:00,sensor-06,0.54416,39.14204,0.40453,100.23698,0,44.31162
2026-01-01 17:25:00,sensor-06,0.45295,44.31162,0.70131,100.51508,1,37.34471
2026-01-01 17:30:00,sensor-06,0.40541,37.34471,0.30866,100.71802,0,38.34316
2026-01-01 17:35:00,sensor-06,0.43441,38.34316,0.3508,100.64425,0,36.34992
2026-01-01 17:40:00,sensor-06,0.34228,36.34992,0.25656,100.5061,0,37.19784
2026-01-01 17:45:00,sensor-06,0.32897,37.19784,0.34048,100.63231,0,39.73653
2026-01-01 17:50:00,sensor-06,0.43239,39.73653,0.37595,100.53748,0,36.92074
2026-01-01 17:55:00,sensor-06,0.26457,36.92074,0.33307,100.72947,0,37.28395
2026-01-01 18:00:00,sensor-06,0.31367,37.28395,0.32177,100.61667,0,36.96667
2026-01-01 18:05:00,sensor-06,0.28035,36.96667,0.29384,100.80852,0,36.43846
2026-01-01 18:10:00,sensor-06,0.22769,36.43846,0.26054,100.86543,0,36.51699
2026-01-01 18:15:00,sensor-06,0.21264,36.51699,0.19796,100.7771,0,38.36581
2026-01-01 18:20:00,sensor-06,0.31961,38.36581,0.24906,100.82343,0,36.3719
2026-01-01 18:25:00,sensor-06,0.13782,36.3719,0.22362,101.25412,0,36.36051
2026-01-01 18:30:00,sensor-06,0.22082,36.36051,0.24281,100.69601,0,36.81436
2026-01-01 18:35:00,sensor-06,0.2302,36.81436,0.28558,101.14071,0,36.84424
2026-01-01 18:40:00,sensor-06,0.29096,36.84424,0.28508,100.84232,0,38.13642
2026-01-01 18:45:00,sensor-06,0.44367,38.13642,0.43241,100.56252,0,38.85927
2026-01-01 18:50:00,sensor-06,0.42799,38.85927,0.41533,100.96274,0,37.80337
2026-01-01 18:55:00,sensor-06,0.33828,37.80337,0.32673,100.79658,0,37.88789
2026-01-01 19:00:00,sensor-06,0.41634,37.88789,0.38155,100.63898,0,38.75039
2026-01-01 19:05:00,sensor-06,0.49725,38.75039,0.34304,100.69176,0,38.03182
2026-01-01 19:10:00,sensor-06,0.41742,38.03182,0.34028,100.97611,0,39.43293
2026-01-01 19:15:00,sensor-06,0.57311,39.43293,0.38726,100.40739,0,38.91751
2026-01-01 19:20:00,sensor-06,0.51773,38.91751,0.36255,100.36678,0,45.94249
2026-01-01 19:25:00,sensor-06,0.54235,45.94249,0.73967,100.39506,1,37.91711
2026-01-01 19:30:00,sensor-06,0.56464,37.91711,0.45361,100.38184,0,41.43005
2026-01-01 19:35:00,sensor-06,0.71136,41.43005,0.45888,99.90996,0,41.30735
2026-01-01 19:40:00,sensor-06,0.79024,41.30735,0.52891,100.25549,0,40.07843
2026-01-01 19:45:00,sensor-06,0.66519,40.07843,0.46742,100.11516,0,41.62995
2026-01-01 19:50:00,sensor-06,0.7877,41.62995,0.57033,99.9746,0,41.89067
2026-01-01 19:55:00,sensor-06,0.8366,41.89067,0.55789,100.07795,0,41.66364
2026-01-01 20:00:00,sensor-06,0.86862,41.66364,0.57006,99.83023,0,39.983
2026-01-01 20:05:00,sensor-06,0.77255,39.983,0.52516,99.70571,0,41.5749
2026-01-01 20:10:00,sensor-06,0.8637,41.5749,0.56619,99.52752,0,42.23233
2026-01-01 20:15:00,sensor-06,0.81379,42.23233,0.52562,99.9064,0,41.59908
2026-01-01 20:20:00,sensor-06,0.81714,41.59908,0.5822,99.86092,0,41.46562
2026-01-01 20:25:00,sensor-06,0.77272,41.46562,0.45931,99.84171,0,42.38866
2026-01-01 20:30:00,sensor-06,0.8478,42.38866,0.45691,99.69484,0,41.89707
2026-01-01 20:35:00,sensor-06,0.82049,41.89707,0.47903,99.42786,0,41.18458
2026-01-01 20:40:00,sensor-06,0.73562,41.18458,0.52199,99.79304,0,41.07297
2026-01-01 20:45:00,sensor-06,0.82808,41.07297,0.55548,100.02238,0,41.13957
2026-01-01 20:50:00,sensor-06,0.6812,41.13957,0.46601,100.37036,0,40.39978
2026-01-01 20:55:00,sensor-06,0.67763,40.39978,0.51072,99.95251,0,40.78829
2026-01-01 21:00:00,sensor-06,0.67161,40.78829,0.45238,100.24127,0,40.03914
2026-01-01 21:05:00,sensor-06,0.64521,40.03914,0.40206,100.02608,0,39.18129
2026-01-01 21:10:00,sensor-06,0.59165,39.18129,0.32937,100.08091,0,38.9155
2026-01-01 21:15:00,sensor-06,0.56347,38.9155,0.49999,100.33144,0,39.11133
2026-01-01 21:20:00,sensor-06,0.47915,39.11133,0.3578,100.4031,0,38.92891
2026-01-01 21:25:00,sensor-06,0.43961,38.92891,0.42807,100.59361,0,38.59164
2026-01-01 21:30:00,sensor-06,0.44204,38.59164,0.39774,100.90415,0,38.44881
2026-01-01 21:35:00,sensor-06,0.40181,38.44881,0.38861,100.60422,0,37.35359
2026-01-01 21:40:00,sensor-06,0.36644,37.35359,0.36121,100.66304,0,38.8004
2026-01-01 21:45:00,sensor-06,0.27687,38.8004,0.28772,100.99638,0,37.0081
2026-01-01 21:50:00,sensor-06,0.33207,37.0081,0.36253,100.90068,0,36.77814
2026-01-01 21:55:00,sensor-06,0.20301,36.77814,0.27719,101.0331,0,37.139
2026-01-01 22:00:00,sensor-06,0.3399,37.139,0.33302,100.36551,0,37.56685
2026-01-01 22:05:00,sensor-06,0.29737,37.56685,0.31188,100.76339,0,36.88818
2026-01-01 22:10:00,sensor-06,0.24718,36.88818,0.24629,100.66405,0,38.60878
2026-01-01 22:15:00,sensor-06,0.32482,38.60878,0.31793,100.67377,0,38.15473
2026-01-01 22:20:00,sensor-06,0.36173,38.15473,0.2478,100.71393,0,37.66217
2026-01-01 22:25:00,sensor-06,0.20973,37.66217,0.25405,101.01255,0,36.46907
2026-01-01 22:30:00,sensor-06,0.23689,36.46907,0.25974,100.93588,0,38.27762
2026-01-01 22:35:00,sensor-06,0.31787,38.27762,0.37151,100.47308,0,37.1226
2026-01-01 22:40:00,sensor-06,0.28552,37.1226,0.31747,100.83158,0,37.73043
2026-01-01 22:45:00,sensor-06,0.27708,37.73043,0.27208,100.78733,0,38.55042
2026-01-01 22:50:00,sensor-06,0.36657,38.55042,0.37445,100.59375,0,38.31499
2026-01-01 22:55:00,sensor-06,0.44153,38.31499,0.42003,100.68762,0,38.69124
2026-01-01 23:00:00,sensor-06,0.41925,38.69124,0.31159,100.487,0,39.42371
2026-01-01 23:05:00,sensor-06,0.39362,39.42371,0.33203,100.4017,0,39.48583
2026-01-01 23:10:00,sensor-06,0.56414,39.48583,0.41882,100.09104,0,39.74032
2026-01-01 23:15:00,sensor-06,0.55821,39.74032,0.39782,100.44406,0,38.99047
2026-01-01 23:20:00,sensor-06,0.5298,38.99047,0.42197,100.34264,0,40.17108
2026-01-01 23:25:00,sensor-06,0.63499,40.17108,0.45175,100.42158,0,40.95384
2026-01-01 23:30:00,sensor-06,0.64436,40.95384,0.46578,99.81019,0,41.0254
2026-01-01 23:35:00,sensor-06,0.70999,41.0254,0.47924,100.07306,0,41.32465
2026-01-01 23:40:00,sensor-06,0.71583,41.32465,0.45992,99.7563,0,40.52284
2026-01-01 23:45:00,sensor-06,0.77117,40.52284,0.47161,99.63274,0,41.01067
2026-01-01 23:50:00,sensor-06,0.66936,41.01067,0.40034,100.26335,0,42.03336
2026-01-01 00:00:00,sensor-07,0.54015,48.84374,0.73832,100.47241,1,40.3855
2026-01-01 00:05:00,sensor-07,0.63275,40.3855,0.45511,100.40195,0,39.69132
2026-01-01 00:10:00,sensor-07,0.53998,39.69132,0.42272,100.38033,0,40.15169
2026-01-01 00:15:00,sensor-07,0.68226,40.15169,0.47926,100.2947,0,40.61662
2026-01-01 00:20:00,sensor-07,0.75716,40.61662,0.51347,100.03348,0,41.75035
2026-01-01 00:25:00,sensor-07,0.83736,41.75035,0.58351,100.02976,0,41.76194
2026-01-01 00:30:00,sensor-07,0.76452,41.76194,0.49498,99.93969,0,42.16441
2026-01-01 00:35:00,sensor-07,0.85999,42.16441,0.58948,99.92616,0,40.49708
2026-01-01 00:40:00,sensor-07,0.73264,40.49708,0.44435,100.09972,0,41.55232
2026-01-01 00:45:00,sensor-07,0.80731,41.55232,0.50157,99.68873,0,40.71081
2026-01-01 00:50:00,sensor-07,0.82861,40.71081,0.57316,100.08418,0,41.47501
2026-01-01 00:55:00,sensor-07,0.86309,41.47501,0.55487,99.93325,0,42.09936
2026-01-01 01:00:00,sensor-07,0.93488,42.09936,0.5313,99.66797,0,41.99394
2026-01-01 01:05:00,sensor-07,0.84314,41.99394,0.52275,99.83183,0,41.33317
2026-01-01 01:10:00,sensor-07,0.78886,41.33317,0.49268,100.27857,0,40.20399
2026-01-01 01:15:00,sensor-07,0.72051,40.20399,0.43052,99.86675,0,40.60792
2026-01-01 01:20:00,sensor-07,0.7523,40.60792,0.55031,99.89475,0,41.13709
2026-01-01 01:25:00,sensor-07,0.65982,41.13709,0.4803,100.24433,0,40.66686
2026-01-01 01:30:00,sensor-07,0.76927,40.66686,0.48127,99.84829,0,42.64878
2026-01-01 01:35:00,sensor-07,0.84769,42.64878,0.56603,99.64421,0,40.76601
2026-01-01 01:40:00,sensor-07,0.61999,40.76601,0.36771,99.98897,0,40.75136
2026-01-01 01:45:00,sensor-07,0.81145,40.75136,0.49799,99.67979,0,38.30939
2026-01-01 01:50:00,sensor-07,0.48824,38.30939,0.38575,100.27579,0,39.87735
2026-01-01 01:55:00,sensor-07,0.61618,39.87735,0.46338,100.27558,0,39.77821
2026-01-01 02:00:00,sensor-07,0.5471,39.77821,0.3206,100.18215,0,38.96053
2026-01-01 02:05:00,sensor-07,0.45613,38.96053,0.34257,100.42379,0,39.50181
2026-01-01 02:10:00,sensor-07,0.46343,39.50181,0.39707,100.48772,0,37.69942
2026-01-01 02:15:00,sensor-07,0.35999,37.69942,0.3751,100.34529,0,38.01696
2026-01-01 02:20:00,sensor-07,0.36502,38.01696,0.34682,100.31395,0,37.88178
2026-01-01 02:25:00,sensor-07,0.38662,37.88178,0.29561,100.83979,0,37.85452
2026-01-01 02:30:00,sensor-07,0.36753,37.85452,0.36488,100.69732,0,37.37685
2026-01-01 02:35:00,sensor-07,0.29295,37.37685,0.29492,100.86879,0,46.1831
2026-01-01 02:40:00,sensor-07,0.27874,46.1831,0.68516,100.66291,1,37.82346
2026-01-01 02:45:00,sensor-07,0.33606,37.82346,0.29371,100.94185,0,36.88296
2026-01-01 02:50:00,sensor-07,0.254,36.88296,0.2864,100.93401,0,37.29381
2026-01-01 02:55:00,sensor-07,0.23028,37.29381,0.24537,100.64522,0,37.40922
2026-01-01 03:00:00,sensor-07,0.21456,37.40922,0.33152,100.82141,0,37.11652
2026-01-01 03:05:00,sensor-07,0.16046,37.11652,0.20809,101.13743,0,36.20978
2026-01-01 03:10:00,sensor-07,0.24919,36.20978,0.3042,100.95953,0,37.19
2026-01-01 03:15:00,sensor-07,0.30811,37.19,0.22218,100.61586,0,37.33183
2026-01-01 03:20:00,sensor-07,0.29871,37.33183,0.255,101.06793,0,37.77283
2026-01-01 03:25:00,sensor-07,0.36934,37.77283,0.37675,100.48615,0,37.07888
2026-01-01 03:30:00,sensor-07,0.35804,37.07888,0.29256,100.70159,0,38.0602
2026-01-01 03:35:00,sensor-07,0.38406,38.0602,0.34412,100.57582,0,39.04029
2026-01-01 03:40:00,sensor-07,0.49128,39.04029,0.46817,100.58737,0,38.77748
2026-01-01 03:45:00,sensor-07,0.45568,38.77748,0.40805,100.61339,0,39.13867
2026-01-01 03:50:00,sensor-07,0.5918,39.13867,0.42472,100.13127,0,38.91635
2026-01-01 03:55:00,sensor-07,0.41709,38.91635,0.37549,100.48674,0,39.35637
2026-01-01 04:00:00,sensor-07,0.54133,39.35637,0.4822,100.33478,0,40.19239
2026-01-01 04:05:00,sensor-07,0.58312,40.19239,0.43411,100.43673,0,39.26036
2026-01-01 04:10:00,sensor-07,0.65029,39.26036,0.42658,99.79985,0,39.50369
2026-01-01 04:15:00,sensor-07,0.54769,39.50369,0.47047,100.21649,0,40.68534
2026-01-01 04:20:00,sensor-07,0.60875,40.68534,0.43455,100.31328,0,39.95352
2026-01-01 04:25:00,sensor-07,0.70628,39.95352,0.54666,99.99618,0,41.51225
2026-01-01 04:30:00,sensor-07,0.83292,41.51225,0.55366,99.48222,0,39.91919
2026-01-01 04:35:00,sensor-07,0.71323,39.91919,0.47424,100.20089,0,41.4151
2026-01-01 04:40:00,sensor-07,0.8257,41.4151,0.55467,99.77807,0,40.6415
2026-01-01 04:45:00,sensor-07,0.74952,40.6415,0.54301,99.82209,0,41.90628
2026-01-01 04:50:00,sensor-07,0.81227,41.90628,0.55275,99.67291,0,41.86436
2026-01-01 04:55:00,sensor-07,0.83169,41.86436,0.50671,99.83521,0,42.37435
2026-01-01 05:00:00,sensor-07,0.89626,42.37435,0.51648,99.82513,0,41.26376
2026-01-01 05:05:00,sensor-07,0.75811,41.26376,0.49134,100.11102,0,42.89406
2026-01-01 05:10:00,sensor-07,0.92689,42.89406,0.53733,99.76623,0,40.33568
2026-01-01 05:15:00,sensor-07,0.74268,40.33568,0.52273,100.19077,0,41.43333
2026-01-01 05:20:00,sensor-07,0.76844,41.43333,0.49586,99.62245,0,40.06397
2026-01-01 05:25:00,sensor-07,0.69169,40.06397,0.49078,100.46453,0,40.44662
2026-01-01 05:30:00,sensor-07,0.6279,40.44662,0.48185,100.13568,0,41.10815
2026-01-01 05:35:00,sensor-07,0.76925,41.10815,0.50148,99.59365,0,39.83594
2026-01-01 05:40:00,sensor-07,0.67911,39.83594,0.38583,100.14554,0,39.62794
2026-01-01 05:45:00,sensor-07,0.64351,39.62794,0.46948,100.06874,0,40.18583
2026-01-01 05:50:00,sensor-07,0.60392,40.18583,0.38785,100.48711,0,38.19643
2026-01-01 05:55:00,sensor-07,0.48677,38.19643,0.30859,100.40239,0,38.41201
2026-01-01 06:00:00,sensor-07,0.43393,38.41201,0.4208,100.53541,0,39.66516
2026-01-01 06:05:00,sensor-07,0.51256,39.66516,0.37158,100.54844,0,38.35033
2026-01-01 06:10:00,sensor-07,0.48005,38.35033,0.36423,100.32722,0,38.58448
2026-01-01 06:15:00,sensor-07,0.45321,38.58448,0.40665,100.53639,0,38.44213
2026-01-01 06:20:00,sensor-07,0.33904,38.44213,0.34176,100.95429,0,38.24341
2026-01-01 06:25:00,sensor-07,0.30698,38.24341,0.28831,100.49805,0,37.00826
2026-01-01 06:30:00,sensor-07,0.29978,37.00826,0.36126,100.82927,0,36.82085
2026-01-01 06:35:00,sensor-07,0.24187,36.82085,0.31934,100.9621,0,38.01402
2026-01-01 06:40:00,sensor-07,0.28361,38.01402,0.28193,101.10663,0,37.1979
2026-01-01 06:45:00,sensor-07,0.29454,37.1979,0.27891,100.92824,0,37.2264
2026-01-01 06:50:00,sensor-07,0.32216,37.2264,0.2992,100.87586,0,37.73936
2026-01-01 06:55:00,sensor-07,0.25854,37.73936,0.24336,100.91662,0,36.58317
2026-01-01 07:00:00,sensor-07,0.17377,36.58317,0.22182,101.18775,0,36.6195
2026-01-01 07:05:00,sensor-07,0.28961,36.6195,0.27294,100.93178,0,36.53853
2026-01-01 07:10:00,sensor-07,0.27184,36.53853,0.28181,100.82566,0,37.00738
2026-01-01 07:15:00,sensor-07,0.30865,37.00738,0.26109,100.79714,0,37.67786
2026-01-01 07:20:00,sensor-07,0.32684,37.67786,0.26743,100.95701,0,36.7587
2026-01-01 07:25:00,sensor-07,0.2517,36.7587,0.35684,100.72234,0,38.91545
2026-01-01 07:30:00,sensor-07,0.42029,38.91545,0.35223,100.20038,0,38.50427
2026-01-01 07:35:00,sensor-07,0.40704,38.50427,0.33413,100.45214,0,37.91617
2026-01-01 07:40:00,sensor-07,0.33419,37.91617,0.25898,100.7955,0,38.30169
2026-01-01 07:45:00,sensor-07,0.39836,38.30169,0.37826,100.51469,0,39.35924
2026-01-01 07:50:00,sensor-07,0.44951,39.35924,0.35501,100.59892,0,37.66545
2026-01-01 07:55:00,sensor-07,0.44836,37.66545,0.31818,100.23008,0,39.50449
2026-01-01 08:00:00,sensor-07,0.61916,39.50449,0.41833,100.10382,0,40.26266
2026-01-01 08:05:00,sensor-07,0.63159,40.26266,0.41928,100.30203,0,39.38384
2026-01-01 08:10:00,sensor-07,0.59455,39.38384,0.43428,99.85367,0,40.25773
2026-01-01 08:15:00,sensor-07,0.62914,40.25773,0.43039,100.44486,0,39.95527
2026-01-01 08:20:00,sensor-07,0.62654,39.95527,0.3962,100.2067,0,40.44603
2026-01-01 08:25:00,sensor-07,0.70902,40.44603,0.46336,100.25581,0,41.00881
2026-01-01 08:30:00,sensor-07,0.69762,41.00881,0.45469,100.21596,0,39.94947
2026-01-01 08:35:00,sensor-07,0.69221,39.94947,0.45718,99.93781,0,41.98499
2026-01-01 08:40:00,sensor-07,0.86035,41.98499,0.48289,99.6885,0,40.38346
2026-01-01 08:45:00,sensor-07,0.81498,40.38346,0.56307,99.74435,0,42.25859
2026-01-01 08:50:00,sensor-07,0.88139,42.25859,0.56532,100.03187,0,42.13393
2026-01-01 08:55:00,sensor-07,0.80341,42.13393,0.50836,99.8086,0,40.82629
2026-01-01 09:00:00,sensor-07,0.8306,40.82629,0.5102,99.99993,0,41.24003
2026-01-01 09:05:00,sensor-07,0.90663,41.24003,0.57537,99.68603,0,41.02915
2026-01-01 09:10:00,sensor-07,0.84974,41.02915,0.52317,99.43988,0,42.09795
2026-01-01 09:15:00,sensor-07,0.80859,42.09795,0.49052,99.91436,0,40.89439
2026-01-01 09:20:00,sensor-07,0.75225,40.89439,0.51212,100.39869,0,41.4816
2026-01-01 09:25:00,sensor-07,0.81011,41.4816,0.58162,99.97729,0,40.98917
2026-01-01 09:30:00,sensor-07,0.74415,40.98917,0.44101,99.75852,0,39.7522
2026-01-01 09:35:00,sensor-07,0.62834,39.7522,0.41292,100.22352,0,39.76434
2026-01-01 09:40:00,sensor-07,0.62359,39.76434,0.40804,99.83969,0,40.84062
2026-01-01 09:45:00,sensor-07,0.7127,40.84062,0.46973,100.07883,0,40.41434
2026-01-01 09:50:00,sensor-07,0.63196,40.41434,0.43571,100.04193,0,38.2034
2026-01-01 09:55:00,sensor-07,0.54687,38.2034,0.36787,100.15647,0,40.40472
2026-01-01 10:00:00,sensor-07,0.55903,40.40472,0.33731,100.49274,0,38.4293
2026-01-01 10:05:00,sensor-07,0.55219,38.4293,0.42195,100.26504,0,39.38453
2026-01-01 10:10:00,sensor-07,0.48153,39.38453,0.41139,100.58785,0,37.92329
2026-01-01 10:15:00,sensor-07,0.51633,37.92329,0.42065,100.24236,0,39.10505
2026-01-01 10:20:00,sensor-07,0.49336,39.10505,0.42384,100.46917,0,37.33924
2026-01-01 10:25:00,sensor-07,0.31747,37.33924,0.29336,100.70883,0,38.02894
2026-01-01 10:30:00,sensor-07,0.38348,38.02894,0.31943,100.72153,0,37.89563
2026-01-01 10:35:00,sensor-07,0.31371,37.89563,0.30674,100.95315,0,38.18947
2026-01-01 10:40:00,sensor-07,0.34676,38.18947,0.29622,100.89572,0,36.58339
2026-01-01 10:45:00,sensor-07,0.26115,36.58339,0.22623,100.63879,0,37.17725
2026-01-01 10:50:00,sensor-07,0.27236,37.17725,0.31163,100.83455,0,35.83195
2026-01-01 10:55:00,sensor-07,0.27817,35.83195,0.2569,101.04995,0,36.04514
2026-01-01 11:00:00,sensor-07,0.22693,36.04514,0.23242,101.01408,0,37.91586
2026-01-01 11:05:00,sensor-07,0.28883,37.91586,0.29688,100.5483,0,37.69107
2026-01-01 11:10:00,sensor-07,0.29559,37.69107,0.33411,101.07386,0,36.21835
2026-01-01 11:15:00,sensor-07,0.27146,36.21835,0.30146,101.09313,0,36.3663
2026-01-01 11:20:00,sensor-07,0.28994,36.3663,0.31925,100.95736,0,38.39638
2026-01-01 11:25:00,sensor-07,0.28925,38.39638,0.29638,100.76572,0,37.84138
2026-01-01 11:30:00,sensor-07,0.39493,37.84138,0.29524,100.36959,0,37.34317
2026-01-01 11:35:00,sensor-07,0.35819,37.34317,0.34817,100.82524,0,38.60041
2026-01-01 11:40:00,sensor-07,0.43922,38.60041,0.35495,100.28243,0,38.15683
2026-01-01 11:45:00,sensor-07,0.48571,38.15683,0.38272,100.77332,0,39.09184
2026-01-01 11:50:00,sensor-07,0.46958,39.09184,0.40853,100.28383,0,38.90828
2026-01-01 11:55:00,sensor-07,0.49722,38.90828,0.45363,100.49407,0,39.05442
2026-01-01 12:00:00,sensor-07,0.43113,39.05442,0.35999,100.51867,0,38.60202
2026-01-01 12:05:00,sensor-07,0.54713,38.60202,0.39658,100.65275,0,39.2982
2026-01-01 12:10:00,sensor-07,0.64234,39.2982,0.42834,99.92554,0,40.10552
2026-01-01 12:15:00,sensor-07,0.72635,40.10552,0.52082,100.0597,0,39.59884
2026-01-01 12:20:00,sensor-07,0.6142,39.59884,0.43768,100.12626,0,41.16741
2026-01-01 12:25:00,sensor-07,0.81731,41.16741,0.59351,99.99043,0,41.43875
2026-01-01 12:30:00,sensor-07,0.79753,41.43875,0.54395,99.97097,0,40.34689
2026-01-01 12:35:00,sensor-07,0.781,40.34689,0.4383,99.71029,0,41.24958
2026-01-01 12:40:00,sensor-07,0.68558,41.24958,0.4917,99.84666,0,43.02582
2026-01-01 12:45:00,sensor-07,0.95091,43.02582,0.53476,99.35522,0,42.74488
2026-01-01 12:50:00,sensor-07,0.97545,42.74488,0.61127,99.33829,0,41.90472
2026-01-01 12:55:00,sensor-07,0.92013,41.90472,0.56642,99.82843,0,41.88866
2026-01-01 13:00:00,sensor-07,0.83405,41.88866,0.52386,99.77562,0,40.65191
2026-01-01 13:05:00,sensor-07,0.76275,40.65191,0.49083,99.63949,0,40.98014
2026-01-01 13:10:00,sensor-07,0.77721,40.98014,0.51035,99.65993,0,40.41511
2026-01-01 13:15:00,sensor-07,0.80179,40.41511,0.52512,99.71684,0,40.22877
2026-01-01 13:20:00,sensor-07,0.82804,40.22877,0.55325,100.0255,0,40.16804
2026-01-01 13:25:00,sensor-07,0.68265,40.16804,0.4727,100.12083,0,41.88293
2026-01-01 13:30:00,sensor-07,0.78403,41.88293,0.49874,99.97167,0,42.07286
2026-01-01 13:35:00,sensor-07,0.84361,42.07286,0.55528,99.54702,0,40.3229
2026-01-01 13:40:00,sensor-07,0.6724,40.3229,0.45432,99.86963,0,40.72422
2026-01-01 13:45:00,sensor-07,0.69219,40.72422,0.44258,100.07964,0,46.6474
2026-01-01 13:50:00,sensor-07,0.55728,46.6474,0.77573,100.2393,1,39.22637
2026-01-01 13:55:00,sensor-07,0.56541,39.22637,0.44004,100.46529,0,38.46029
2026-01-01 14:00:00,sensor-07,0.5407,38.46029,0.42034,100.39968,0,38.21243
2026-01-01 14:05:00,sensor-07,0.45573,38.21243,0.36767,100.60872,0,37.76161
2026-01-01 14:10:00,sensor-07,0.46714,37.76161,0.36713,100.17653,0,38.37126
2026-01-01 14:15:00,sensor-07,0.43977,38.37126,0.39879,100.66518,0,38.57576
2026-01-01 14:20:00,sensor-07,0.47306,38.57576,0.37331,100.37426,0,38.84787
2026-01-01 14:25:00,sensor-07,0.47475,38.84787,0.42727,100.531,0,36.22788
2026-01-01 14:30:00,sensor-07,0.2508,36.22788,0.28506,100.83607,0,37.60922
2026-01-01 14:35:00,sensor-07,0.31905,37.60922,0.37288,101.08459,0,37.2174
2026-01-01 14:40:00,sensor-07,0.18364,37.2174,0.30968,100.99655,0,37.11228
2026-01-01 14:45:00,sensor-07,0.26622,37.11228,0.27117,100.94865,0,36.22236
2026-01-01 14:50:00,sensor-07,0.19827,36.22236,0.33724,101.20485,0,36.48464
2026-01-01 14:55:00,sensor-07,0.23195,36.48464,0.23114,100.87211,0,36.65637
2026-01-01 15:00:00,sensor-07,0.29136,36.65637,0.26737,100.84999,0,37.86453
2026-01-01 15:05:00,sensor-07,0.29932,37.86453,0.29066,100.96409,0,37.39915
2026-01-01 15:10:00,sensor-07,0.27057,37.39915,0.31591,100.92241,0,37.01527
2026-01-01 15:15:00,sensor-07,0.26645,37.01527,0.26028,101.06249,0,36.52425
2026-01-01 15:20:00,sensor-07,0.21034,36.52425,0.28765,100.97153,0,36.93578
2026-01-01 15:25:00,sensor-07,0.31868,36.93578,0.37583,100.31204,0,37.50038
2026-01-01 15:30:00,sensor-07,0.32919,37.50038,0.34434,100.55315,0,37.27763
2026-01-01 15:35:00,sensor-07,0.36503,37.27763,0.35951,100.5521,0,37.96508
2026-01-01 15:40:00,sensor-07,0.41838,37.96508,0.41638,100.46735,0,38.82015
2026-01-01 15:45:00,sensor-07,0.41077,38.82015,0.35265,100.59558,0,38.82931
2026-01-01 15:50:00,sensor-07,0.51785,38.82931,0.42187,100.5098,0,37.4634
2026-01-01 15:55:00,sensor-07,0.3826,37.4634,0.29558,100.32534,0,39.57542
2026-01-01 16:00:00,sensor-07,0.5687,39.57542,0.39247,100.4417,0,39.46126
2026-01-01 16:05:00,sensor-07,0.56916,39.46126,0.44626,100.29807,0,39.28076
2026-01-01 16:10:00,sensor-07,0.56303,39.28076,0.41649,99.78479,0,40.42777
2026-01-01 16:15:00,sensor-07,0.67844,40.42777,0.49794,99.95051,0,40.5211
2026-01-01 16:20:00,sensor-07,0.80962,40.5211,0.57603,99.95057,0,40.06867
2026-01-01 16:25:00,sensor-07,0.64486,40.06867,0.47173,100.3124,0,41.01012
2026-01-01 16:30:00,sensor-07,0.74144,41.01012,0.53434,100.00201,0,41.24478
2026-01-01 16:35:00,sensor-07,0.84525,41.24478,0.49328,99.55416,0,40.95054
2026-01-01 16:40:00,sensor-07,0.79956,40.95054,0.54387,99.61838,0,40.49443
2026-01-01 16:45:00,sensor-07,0.80895,40.49443,0.50508,99.69868,0,41.98354
2026-01-01 16:50:00,sensor-07,0.86877,41.98354,0.5326,99.50107,0,40.72695
2026-01-01 16:55:00,sensor-07,0.86897,40.72695,0.53416,99.70828,0,42.40041
2026-01-01 17:00:00,sensor-07,0.89565,42.40041,0.57933,99.35073,0,41.77689
2026-01-01 17:05:00,sensor-07,0.89544,41.77689,0.59053,99.60252,0,42.35442
2026-01-01 17:10:00,sensor-07,0.87746,42.35442,0.51387,99.46122,0,41.70695
2026-01-01 17:15:00,sensor-07,0.77473,41.70695,0.44946,99.65938,0,41.85303
2026-01-01 17:20:00,sensor-07,0.83863,41.85303,0.58788,99.77423,0,40.99808
2026-01-01 17:25:00,sensor-07,0.75688,40.99808,0.53246,100.07499,0,40.74181
2026-01-01 17:30:00,sensor-07,0.78845,40.74181,0.46681,99.6797,0,41.85169
2026-01-01 17:35:00,sensor-07,0.69688,41.85169,0.43662,100.02495,0,39.79389
2026-01-01 17:40:00,sensor-07,0.63591,39.79389,0.4525,100.02832,0,39.49593
2026-01-01 17:45:00,sensor-07,0.57674,39.49593,0.38349,100.59143,0,39.98544
2026-01-01 17:50:00,sensor-07,0.62506,39.98544,0.43209,99.96742,0,38.23728
2026-01-01 17:55:00,sensor-07,0.56337,38.23728,0.43847,100.10918,0,39.14678
2026-01-01 18:00:00,sensor-07,0.58389,39.14678,0.41988,100.10149,0,38.89646
2026-01-01 18:05:00,sensor-07,0.48601,38.89646,0.40263,100.35341,0,38.34415
2026-01-01 18:10:00,sensor-07,0.37907,38.34415,0.35011,100.64621,0,38.23202
2026-01-01 18:15:00,sensor-07,0.40138,38.23202,0.38955,100.16263,0,39.01
2026-01-01 18:20:00,sensor-07,0.45312,39.01,0.36883,100.6097,0,38.34018
2026-01-01 18:25:00,sensor-07,0.35629,38.34018,0.29691,100.61217,0,36.25912
2026-01-01 18:30:00,sensor-07,0.24255,36.25912,0.25135,100.63634,0,37.89471
2026-01-01 18:35:00,sensor-07,0.21884,37.89471,0.25885,101.02382,0,37.94852
2026-01-01 18:40:00,sensor-07,0.35156,37.94852,0.28559,100.62591,0,36.04205
2026-01-01 18:45:00,sensor-07,0.27668,36.04205,0.358,100.61545,0,37.23092
2026-01-01 18:50:00,sensor-07,0.23373,37.23092,0.27476,100.95881,0,36.85958
2026-01-01 18:55:00,sensor-07,0.15175,36.85958,0.2198,100.88729,0,36.70029
2026-01-01 19:00:00,sensor-07,0.18958,36.70029,0.23316,100.75432,0,36.54514
2026-01-01 19:05:00,sensor-07,0.21159,36.54514,0.34512,100.71948,0,36.45713
2026-01-01 19:10:00,sensor-07,0.26539,36.45713,0.33741,100.98576,0,36.11503
2026-01-01 19:15:00,sensor-07,0.25358,36.11503,0.2745,100.56712,0,36.6157
2026-01-01 19:20:00,sensor-07,0.33796,36.6157,0.32017,100.84682,0,37.7709
2026-01-01 19:25:00,sensor-07,0.36753,37.7709,0.26352,100.23806,0,37.55658
2026-01-01 19:30:00,sensor-07,0.35555,37.55658,0.34432,100.44404,0,37.86516
2026-01-01 19:35:00,sensor-07,0.39915,37.86516,0.35639,100.66916,0,38.35015
2026-01-01 19:40:00,sensor-07,0.41545,38.35015,0.38493,100.61553,0,38.26801
2026-01-01 19:45:00,sensor-07,0.44473,38.26801,0.37691,100.56556,0,38.18246
2026-01-01 19:50:00,sensor-07,0.50296,38.18246,0.46161,100.24012,0,37.97656
2026-01-01 19:55:00,sensor-07,0.4645,37.97656,0.39907,100.65587,0,39.2561
2026-01-01 20:00:00,sensor-07,0.58323,39.2561,0.38811,100.11779,0,39.37089
2026-01-01 20:05:00,sensor-07,0.69092,39.37089,0.45846,100.0131,0,40.73576
2026-01-01 20:10:00,sensor-07,0.68523,40.73576,0.46465,99.57861,0,39.94393
2026-01-01 20:15:00,sensor-07,0.68709,39.94393,0.52079,100.3171,0,39.67143
2026-01-01 20:20:00,sensor-07,0.67336,39.67143,0.46101,100.31981,0,40.83918
2026-01-01 20:25:00,sensor-07,0.79498,40.83918,0.44148,99.78624,0,40.94456
2026-01-01 20:30:00,sensor-07,0.80346,40.94456,0.49962,99.85624,0,41.95026
2026-01-01 20:35:00,sensor-07,0.77557,41.95026,0.54249,99.50528,0,41.31647
2026-01-01 20:40:00,sensor-07,0.79872,41.31647,0.55136,99.98071,0,41.85565
2026-01-01 20:45:00,sensor-07,0.85312,41.85565,0.55244,99.81495,0,41.66148
2026-01-01 20:50:00,sensor-07,0.87439,41.66148,0.50042,99.54944,0,41.78057
2026-01-01 20:55:00,sensor-07,0.93788,41.78057,0.52583,99.84479,0,41.22139
2026-01-01 21:00:00,sensor-07,0.83865,41.22139,0.56685,99.79768,0,41.68134
2026-01-01 21:05:00,sensor-07,0.82605,41.68134,0.50342,99.59542,0,42.60811
2026-01-01 21:10:00,sensor-07,0.84992,42.60811,0.56223,99.86266,0,40.88546
2026-01-01 21:15:00,sensor-07,0.80718,40.88546,0.49176,99.46398,0,39.95403
2026-01-01 21:20:00,sensor-07,0.83092,39.95403,0.46268,99.79443,0,40.88907
2026-01-01 21:25:00,sensor-07,0.73783,40.88907,0.48051,99.99871,0,40.23007
2026-01-01 21:30:00,sensor-07,0.70607,40.23007,0.49154,99.96543,0,39.94493
2026-01-01 21:35:00,sensor-07,0.68287,39.94493,0.42917,99.88012,0,40.13098
2026-01-01 21:40:00,sensor-07,0.71197,40.13098,0.50895,100.06006,0,39.88225
2026-01-01 21:45:00,sensor-07,0.71449,39.88225,0.48338,100.3506,0,39.04801
2026-01-01 21:50:00,sensor-07,0.64018,39.04801,0.44243,99.815,0,39.41678
2026-01-01 21:55:00,sensor-07,0.65125,39.41678,0.46297,100.09334,0,38.87181
2026-01-01 22:00:00,sensor-07,0.49321,38.87181,0.3714,100.11636,0,40.06452
2026-01-01 22:05:00,sensor-07,0.50292,40.06452,0.40553,100.3525,0,37.36782
2026-01-01 22:10:00,sensor-07,0.41865,37.36782,0.38206,100.49903,0,37.61555
2026-01-01 22:15:00,sensor-07,0.41142,37.61555,0.36742,100.73931,0,37.63838
2026-01-01 22:20:00,sensor-07,0.329,37.63838,0.2598,101.02313,0,37.71334
2026-01-01 22:25:00,sensor-07,0.33034,37.71334,0.32792,100.9511,0,35.91031
2026-01-01 22:30:00,sensor-07,0.27819,35.91031,0.28782,100.7156,0,37.22767
2026-01-01 22:35:00,sensor-07,0.31809,37.22767,0.28054,100.82655,0,35.98435
2026-01-01 22:40:00,sensor-07,0.29165,35.98435,0.32234,100.49558,0,37.46872
2026-01-01 22:45:00,sensor-07,0.25221,37.46872,0.26257,100.55982,0,37.81008
2026-01-01 22:50:00,sensor-07,0.30816,37.81008,0.30106,100.7457,0,36.30692
2026-01-01 22:55:00,sensor-07,0.24698,36.30692,0.30351,100.9043,0,36.34229
2026-01-01 23:00:00,sensor-07,0.27372,36.34229,0.28002,100.71114,0,37.85588
2026-01-01 23:05:00,sensor-07,0.3299,37.85588,0.31799,100.96047,0,37.18679
2026-01-01 23:10:00,sensor-07,0.31004,37.18679,0.27041,100.82766,0,38.0215
2026-01-01 23:15:00,sensor-07,0.29001,38.0215,0.30254,100.77924,0,36.96369
2026-01-01 23:20:00,sensor-07,0.31757,36.96369,0.33841,100.62126,0,36.70798
2026-01-01 23:25:00,sensor-07,0.28737,36.70798,0.25072,100.57693,0,37.86896
2026-01-01 23:30:00,sensor-07,0.43566,37.86896,0.38204,100.60161,0,38.21162
2026-01-01 23:35:00,sensor-07,0.47681,38.21162,0.37503,100.24044,0,37.70066
2026-01-01 23:40:00,sensor-07,0.49553,37.70066,0.37472,100.25433,0,38.44154
2026-01-01 23:45:00,sensor-07,0.42202,38.44154,0.34029,101.06563,0,38.16869
2026-01-01 23:50:00,sensor-07,0.48827,38.16869,0.40931,100.22972,0,37.90927
2026-01-01 00:00:00,sensor-08,0.64512,39.87353,0.43718,100.34955,0,40.38163
2026-01-01 00:05:00,sensor-08,0.58928,40.38163,0.43932,100.02609,0,39.68479
2026-01-01 00:10:00,sensor-08,0.58662,39.68479,0.39805,100.01614,0,39.59269
2026-01-01 00:15:00,sensor-08,0.60966,39.59269,0.45052,100.35764,0,37.89703
2026-01-01 00:20:00,sensor-08,0.46905,37.89703,0.40589,100.46603,0,39.14177
2026-01-01 00:25:00,sensor-08,0.48904,39.14177,0.35132,100.75762,0,39.22302
2026-01-01 00:30:00,sensor-08,0.45784,39.22302,0.41171,100.76507,0,38.09916
2026-01-01 00:35:00,sensor-08,0.37745,38.09916,0.38283,100.76841,0,37.56299
2026-01-01 00:40:00,sensor-08,0.27008,37.56299,0.31968,100.48799,0,37.28709
2026-01-01 00:45:00,sensor-08,0.30668,37.28709,0.28788,100.85265,0,36.60837
2026-01-01 00:50:00,sensor-08,0.16646,36.60837,0.22193,101.18067,0,37.9217
2026-01-01 00:55:00,sensor-08,0.3742,37.9217,0.34532,100.41408,0,37.16035
2026-01-01 01:00:00,sensor-08,0.25076,37.16035,0.31697,101.02519,0,37.54497
2026-01-01 01:05:00,sensor-08,0.31777,37.54497,0.35817,100.68374,0,36.55033
2026-01-01 01:10:00,sensor-08,0.18562,36.55033,0.2849,100.8987,0,36.88086
2026-01-01 01:15:00,sensor-08,0.22383,36.88086,0.22199,101.15535,0,36.92237
2026-01-01 01:20:00,sensor-08,0.22333,36.92237,0.2417,100.89406,0,37.42841
2026-01-01 01:25:00,sensor-08,0.39937,37.42841,0.34696,100.72328,0,37.07151
2026-01-01 01:30:00,sensor-08,0.33614,37.07151,0.35792,100.62978,0,38.08198
2026-01-01 01:35:00,sensor-08,0.34185,38.08198,0.3584,100.77233,0,38.0051
2026-01-01 01:40:00,sensor-08,0.34725,38.0051,0.33546,100.69907,0,37.54304
2026-01-01 01:45:00,sensor-08,0.31571,37.54304,0.26914,100.79532,0,37.57026
2026-01-01 01:50:00,sensor-08,0.31187,37.57026,0.29475,100.63662,0,36.68633
2026-01-01 01:55:00,sensor-08,0.2882,36.68633,0.34933,101.08187,0,38.49139
2026-01-01 02:00:00,sensor-08,0.42979,38.49139,0.36854,100.95515,0,38.45063
2026-01-01 02:05:00,sensor-08,0.46257,38.45063,0.3725,100.49867,0,39.7347
2026-01-01 02:10:00,sensor-08,0.58646,39.7347,0.39641,100.41062,0,38.01094
2026-01-01 02:15:00,sensor-08,0.45976,38.01094,0.38058,100.42989,0,38.54001
2026-01-01 02:20:00,sensor-08,0.54322,38.54001,0.37459,100.29215,0,39.97048
2026-01-01 02:25:00,sensor-08,0.69901,39.97048,0.46057,100.16727,0,39.55078
2026-01-01 02:30:00,sensor-08,0.69173,39.55078,0.50693,100.4215,0,41.40148
2026-01-01 02:35:00,sensor-08,0.77611,41.40148,0.51754,99.90406,0,40.19387
2026-01-01 02:40:00,sensor-08,0.72963,40.19387,0.45062,100.05569,0,42.17218
2026-01-01 02:45:00,sensor-08,0.87104,42.17218,0.54973,99.76929,0,41.45012
2026-01-01 02:50:00,sensor-08,0.88823,41.45012,0.46566,99.6141,0,42.19991
2026-01-01 02:55:00,sensor-08,0.86977,42.19991,0.56044,99.73443,0,41.79938
2026-01-01 03:00:00,sensor-08,0.85632,41.79938,0.48652,99.75975,0,41.9847
2026-01-01 03:05:00,sensor-08,0.74584,41.9847,0.50944,99.86867,0,40.68117
2026-01-01 03:10:00,sensor-08,0.77345,40.68117,0.5046,100.02274,0,40.88659
2026-01-01 03:15:00,sensor-08,0.78651,40.88659,0.52678,99.99668,0,42.91695
2026-01-01 03:20:00,sensor-08,0.87519,42.91695,0.55008,100.02103,0,41.32498
2026-01-01 03:25:00,sensor-08,0.75714,41.32498,0.489,100.17187,0,49.81467
2026-01-01 03:30:00,sensor-08,0.75832,49.81467,0.84347,99.88961,1,42.03992
2026-01-01 03:35:00,sensor-08,0.82117,42.03992,0.54027,99.50112,0,40.7056
2026-01-01 03:40:00,sensor-08,0.74383,40.7056,0.47142,99.62199,0,41.49292
2026-01-01 03:45:00,sensor-08,0.81203,41.49292,0.39297,99.75355,0,40.45405
2026-01-01 03:50:00,sensor-08,0.65979,40.45405,0.4467,100.15355,0,39.65254
2026-01-01 03:55:00,sensor-08,0.59279,39.65254,0.47723,100.57052,0,39.68911
2026-01-01 04:00:00,sensor-08,0.64634,39.68911,0.45557,100.14971,0,40.08016
2026-01-01 04:05:00,sensor-08,0.63857,40.08016,0.40243,100.42658,0,39.55517
2026-01-01 04:10:00,sensor-08,0.60665,39.55517,0.43275,100.03068,0,38.86408
2026-01-01 04:15:00,sensor-08,0.50033,38.86408,0.32678,100.7319,0,38.46919
2026-01-01 04:20:00,sensor-08,0.45782,38.46919,0.37206,100.24976,0,39.81838
2026-01-01 04:25:00,sensor-08,0.50418,39.81838,0.4462,100.55031,0,39.42435
2026-01-01 04:30:00,sensor-08,0.45148,39.42435,0.41904,100.38705,0,39.68293
2026-01-01 04:35:00,sensor-08,0.43443,39.68293,0.31914,100.42179,0,37.07862
2026-01-01 04:40:00,sensor-08,0.31354,37.07862,0.32489,100.76116,0,38.45608
2026-01-01 04:45:00,sensor-08,0.32907,38.45608,0.28951,100.95064,0,37.87356
2026-01-01 04:50:00,sensor-08,0.28602,37.87356,0.3074,101.11175,0,36.48682
2026-01-01 04:55:00,sensor-08,0.22684,36.48682,0.28658,100.92368,0,37.91261
2026-01-01 05:00:00,sensor-08,0.27064,37.91261,0.30121,100.58186,0,36.74468
2026-01-01 05:05:00,sensor-08,0.17151,36.74468,0.20134,100.96639,0,37.91436
2026-01-01 05:10:00,sensor-08,0.26205,37.91436,0.26907,100.72461,0,37.75504
2026-01-01 05:15:00,sensor-08,0.22207,37.75504,0.24233,100.95265,0,37.6801
2026-01-01 05:20:00,sensor-08,0.25043,37.6801,0.33074,100.86072,0,36.26195
2026-01-01 05:25:00,sensor-08,0.23553,36.26195,0.25209,100.93316,0,38.44316
2026-01-01 05:30:00,sensor-08,0.33625,38.44316,0.33019,100.73339,0,36.95806
2026-01-01 05:35:00,sensor-08,0.26135,36.95806,0.32668,100.71762,0,37.68946
2026-01-01 05:40:00,sensor-08,0.3314,37.68946,0.2843,100.48371,0,38.44263
2026-01-01 05:45:00,sensor-08,0.37228,38.44263,0.31882,100.64775,0,38.93803
2026-01-01 05:50:00,sensor-08,0.47482,38.93803,0.35613,100.26309,0,39.78912
2026-01-01 05:55:00,sensor-08,0.51686,39.78912,0.39554,100.2341,0,39.94315
2026-01-01 06:00:00,sensor-08,0.51222,39.94315,0.43621,100.20019,0,39.49472
2026-01-01 06:05:00,sensor-08,0.49498,39.49472,0.31556,100.54504,0,40.41556
2026-01-01 06:10:00,sensor-08,0.59108,40.41556,0.45695,99.939,0,40.17424
2026-01-01 06:15:00,sensor-08,0.66645,40.17424,0.45663,100.17936,0,38.49292
2026-01-01 06:20:00,sensor-08,0.51764,38.49292,0.44001,100.3228,0,41.40426
2026-01-01 06:25:00,sensor-08,0.67152,41.40426,0.4815,100.026,0,39.85237
2026-01-01 06:30:00,sensor-08,0.59544,39.85237,0.41381,99.88388,0,41.73466
2026-01-01 06:35:00,sensor-08,0.81807,41.73466,0.47104,99.69424,0,41.75185
2026-01-01 06:40:00,sensor-08,0.79662,41.75185,0.54365,100.11609,0,42.263
2026-01-01 06:45:00,sensor-08,0.84177,42.263,0.5723,99.70346,0,41.57258
2026-01-01 06:50:00,sensor-08,0.74737,41.57258,0.43502,99.88963,0,42.477
2026-01-01 06:55:00,sensor-08,0.85609,42.477,0.51098,99.59879,0,41.71278
2026-01-01 07:00:00,sensor-08,0.86206,41.71278,0.52969,99.39107,0,43.12233
2026-01-01 07:05:00,sensor-08,0.89541,43.12233,0.54114,99.30545,0,40.51209
2026-01-01 07:10:00,sensor-08,0.76887,40.51209,0.52729,99.91895,0,42.59948
2026-01-01 07:15:00,sensor-08,0.88802,42.59948,0.56675,99.74453,0,42.23575
2026-01-01 07:20:00,sensor-08,0.81207,42.23575,0.52337,99.6555,0,41.13931
2026-01-01 07:25:00,sensor-08,0.82069,41.13931,0.42868,99.73663,0,40.34109
2026-01-01 07:30:00,sensor-08,0.68254,40.34109,0.48118,100.24269,0,40.33411
2026-01-01 07:35:00,sensor-08,0.70001,40.33411,0.4494,99.87404,0,41.01084
2026-01-01 07:40:00,sensor-08,0.82924,41.01084,0.54057,99.44047,0,39.92448
2026-01-01 07:45:00,sensor-08,0.66994,39.92448,0.42724,100.12078,0,41.46077
2026-01-01 07:50:00,sensor-08,0.73888,41.46077,0.48829,100.06987,0,39.19975
2026-01-01 07:55:00,sensor-08,0.59162,39.19975,0.39319,100.4814,0,41.22877
2026-01-01 08:00:00,sensor-08,0.66912,41.22877,0.472,99.99833,0,39.93892
2026-01-01 08:05:00,sensor-08,0.65144,39.93892,0.48849,99.56832,0,39.9534
2026-01-01 08:10:00,sensor-08,0.60159,39.9534,0.4386,100.10373,0,40.51847
2026-01-01 08:15:00,sensor-08,0.61841,40.51847,0.41809,100.06308,0,38.34348
2026-01-01 08:20:00,sensor-08,0.41601,38.34348,0.36429,100.88047,0,38.99668
2026-01-01 08:25:00,sensor-08,0.53826,38.99668,0.41313,100.22997,0,38.49432
2026-01-01 08:30:00,sensor-08,0.46869,38.49432,0.31416,100.54382,0,37.0132
2026-01-01 08:35:00,sensor-08,0.20037,37.0132,0.22021,100.66952,0,38.56689
2026-01-01 08:40:00,sensor-08,0.47938,38.56689,0.3989,100.6066,0,38.84177
2026-01-01 08:45:00,sensor-08,0.38084,38.84177,0.40521,100.74453,0,37.60914
2026-01-01 08:50:00,sensor-08,0.3183,37.60914,0.3237,100.82438,0,38.75612
2026-01-01 08:55:00,sensor-08,0.40263,38.75612,0.39773,100.74117,0,37.34037
2026-01-01 09:00:00,sensor-08,0.22839,37.34037,0.27542,100.69102,0,37.63532
2026-01-01 09:05:00,sensor-08,0.31889,37.63532,0.39175,100.91751,0,37.30851
2026-01-01 09:10:00,sensor-08,0.29564,37.30851,0.371,100.56256,0,37.81093
2026-01-01 09:15:00,sensor-08,0.18479,37.81093,0.2854,100.70513,0,37.49293
2026-01-01 09:20:00,sensor-08,0.26613,37.49293,0.25732,100.56925,0,36.93781
2026-01-01 09:25:00,sensor-08,0.28875,36.93781,0.34139,100.67274,0,37.44153
2026-01-01 09:30:00,sensor-08,0.3013,37.44153,0.25506,100.38595,0,38.9714
2026-01-01 09:35:00,sensor-08,0.40206,38.9714,0.34117,100.61169,0,37.68169
2026-01-01 09:40:00,sensor-08,0.34485,37.68169,0.34193,100.74467,0,39.04086
2026-01-01 09:45:00,sensor-08,0.35714,39.04086,0.33742,100.65963,0,38.78345
2026-01-01 09:50:00,sensor-08,0.46232,38.78345,0.40178,100.85765,0,37.84842
2026-01-01 09:55:00,sensor-08,0.41401,37.84842,0.36615,100.3765,0,39.58704
2026-01-01 10:00:00,sensor-08,0.52365,39.58704,0.4228,100.47915,0,37.63571
2026-01-01 10:05:00,sensor-08,0.37642,37.63571,0.30977,100.52332,0,38.95041
2026-01-01 10:10:00,sensor-08,0.4919,38.95041,0.36012,100.41701,0,40.78235
2026-01-01 10:15:00,sensor-08,0.64121,40.78235,0.41387,100.03714,0,40.74535
2026-01-01 10:20:00,sensor-08,0.68755,40.74535,0.49539,99.61026,0,40.71952
2026-01-01 10:25:00,sensor-08,0.60823,40.71952,0.40503,99.82121,0,41.52848
2026-01-01 10:30:00,sensor-08,0.67718,41.52848,0.45391,100.1432,0,41.03396
2026-01-01 10:35:00,sensor-08,0.70553,41.03396,0.40914,99.72847,0,49.30832
2026-01-01 10:40:00,sensor-08,0.77797,49.30832,0.84194,100.08589,1,39.95514
2026-01-01 10:45:00,sensor-08,0.71564,39.95514,0.42077,100.00357,0,40.84171
2026-01-01 10:50:00,sensor-08,0.77458,40.84171,0.51865,100.06267,0,41.98826
2026-01-01 10:55:00,sensor-08,0.8059,41.98826,0.49079,100.07052,0,41.08575
2026-01-01 11:00:00,sensor-08,0.79352,41.08575,0.56435,99.9291,0,41.17979
2026-01-01 11:05:00,sensor-08,0.79975,41.17979,0.53261,99.90613,0,41.09955
2026-01-01 11:10:00,sensor-08,0.87422,41.09955,0.53315,99.53082,0,41.65653
2026-01-01 11:15:00,sensor-08,0.84488,41.65653,0.51662,99.63989,0,42.42681
2026-01-01 11:20:00,sensor-08,0.90732,42.42681,0.61575,99.72361,0,41.46135
2026-01-01 11:25:00,sensor-08,0.79964,41.46135,0.56976,99.93353,0,41.83584
2026-01-01 11:30:00,sensor-08,0.86057,41.83584,0.52332,99.7542,0,42.17971
2026-01-01 11:35:00,sensor-08,0.7223,42.17971,0.54274,100.24387,0,40.33231
2026-01-01 11:40:00,sensor-08,0.71747,40.33231,0.4958,99.85832,0,40.35452
2026-01-01 11:45:00,sensor-08,0.64871,40.35452,0.42338,100.5189,0,40.72095
2026-01-01 11:50:00,sensor-08,0.61455,40.72095,0.4195,100.10889,0,39.97263
2026-01-01 11:55:00,sensor-08,0.66181,39.97263,0.51203,100.08312,0,40.74151
2026-01-01 12:00:00,sensor-08,0.66713,40.74151,0.45331,100.05568,0,41.06864
2026-01-01 12:05:00,sensor-08,0.68571,41.06864,0.39677,99.95749,0,38.40445
2026-01-01 12:10:00,sensor-08,0.51111,38.40445,0.39882,100.48779,0,39.43952
2026-01-01 12:15:00,sensor-08,0.52156,39.43952,0.38025,100.45374,0,38.92247
2026-01-01 12:20:00,sensor-08,0.50469,38.92247,0.39743,100.35562,0,39.0819
2026-01-01 12:25:00,sensor-08,0.40871,39.0819,0.36511,100.28182,0,38.86074
2026-01-01 12:30:00,sensor-08,0.40023,38.86074,0.30634,100.84777,0,37.9368
2026-01-01 12:35:00,sensor-08,0.37556,37.9368,0.31765,100.48342,0,38.34497
2026-01-01 12:40:00,sensor-08,0.29476,38.34497,0.3645,100.74143,0,38.34289
2026-01-01 12:45:00,sensor-08,0.3403,38.34289,0.29656,100.81016,0,39.56082
2026-01-01 12:50:00,sensor-08,0.32119,39.56082,0.35323,100.86788,0,37.46546
2026-01-01 12:55:00,sensor-08,0.29934,37.46546,0.26169,100.622,0,37.18977
2026-01-01 13:00:00,sensor-08,0.21006,37.18977,0.29445,101.08789,0,36.82321
2026-01-01 13:05:00,sensor-08,0.13684,36.82321,0.23815,101.31161,0,37.40046
2026-01-01 13:10:00,sensor-08,0.29517,37.40046,0.27692,101.02786,0,36.64744
2026-01-01 13:15:00,sensor-08,0.23073,36.64744,0.30717,101.18782,0,38.55558
2026-01-01 13:20:00,sensor-08,0.35139,38.55558,0.35884,100.62095,0,37.65199
2026-01-01 13:25:00,sensor-08,0.28424,37.65199,0.28366,100.95444,0,38.35034
2026-01-01 13:30:00,sensor-08,0.37723,38.35034,0.33959,100.65005,0,37.73297
2026-01-01 13:35:00,sensor-08,0.22537,37.73297,0.3137,100.8636,0,38.04929
2026-01-01 13:40:00,sensor-08,0.30608,38.04929,0.27419,100.67308,0,45.51722
2026-01-01 13:45:00,sensor-08,0.40724,45.51722,0.68938,100.66063,1,39.71518
2026-01-01 13:50:00,sensor-08,0.37306,39.71518,0.29587,101.0333,0,38.96875
2026-01-01 13:55:00,sensor-08,0.40484,38.96875,0.34715,100.46593,0,39.81823
2026-01-01 14:00:00,sensor-08,0.50094,39.81823,0.42128,100.26013,0,39.04578
2026-01-01 14:05:00,sensor-08,0.46887,39.04578,0.37608,100.60627,0,39.81969
2026-01-01 14:10:00,sensor-08,0.52934,39.81969,0.44322,100.24373,0,39.46143
2026-01-01 14:15:00,sensor-08,0.53821,39.46143,0.37377,100.48016,0,40.07514
2026-01-01 14:20:00,sensor-08,0.59027,40.07514,0.43223,100.408,0,39.97852
2026-01-01 14:25:00,sensor-08,0.56838,39.97852,0.39385,100.01584,0,42.17099
2026-01-01 14:30:00,sensor-08,0.72625,42.17099,0.50316,100.02962,0,41.33988
2026-01-01 14:35:00,sensor-08,0.77426,41.33988,0.50861,99.93774,0,40.80278
2026-01-01 14:40:00,sensor-08,0.79104,40.80278,0.54922,99.64134,0,40.53031
2026-01-01 14:45:00,sensor-08,0.71663,40.53031,0.4439,100.01997,0,41.03335
2026-01-01 14:50:00,sensor-08,0.7948,41.03335,0.44921,99.86918,0,42.37109
2026-01-01 14:55:00,sensor-08,0.77667,42.37109,0.44323,99.75055,0,42.71959
2026-01-01 15:00:00,sensor-08,0.85655,42.71959,0.5515,99.74455,0,43.00301
2026-01-01 15:05:00,sensor-08,0.94536,43.00301,0.54228,99.48392,0,41.63288
2026-01-01 15:10:00,sensor-08,0.85298,41.63288,0.51084,99.70834,0,40.49448
2026-01-01 15:15:00,sensor-08,0.77399,40.49448,0.54764,100.31317,0,42.38791
2026-01-01 15:20:00,sensor-08,0.84022,42.38791,0.52403,99.82291,0,43.14741
2026-01-01 15:25:00,sensor-08,0.8385,43.14741,0.58478,99.90539,0,42.10741
2026-01-01 15:30:00,sensor-08,0.825,42.10741,0.53474,100.05086,0,43.3228
2026-01-01 15:35:00,sensor-08,0.85047,43.3228,0.52031,99.6989,0,42.62177
2026-01-01 15:40:00,sensor-08,0.83521,42.62177,0.56922,99.91785,0,41.40152
2026-01-01 15:45:00,sensor-08,0.73729,41.40152,0.44825,99.85829,0,40.08715
2026-01-01 15:50:00,sensor-08,0.70827,40.08715,0.4833,100.34533,0,41.40999
2026-01-01 15:55:00,sensor-08,0.72267,41.40999,0.4631,100.13464,0,40.58569
2026-01-01 16:00:00,sensor-08,0.65318,40.58569,0.46777,100.26974,0,40.50585
2026-01-01 16:05:00,sensor-08,0.65167,40.50585,0.46356,100.16233,0,40.52727
2026-01-01 16:10:00,sensor-08,0.59515,40.52727,0.39115,100.55328,0,40.10316
2026-01-01 16:15:00,sensor-08,0.51804,40.10316,0.41006,100.40106,0,39.19377
2026-01-01 16:20:00,sensor-08,0.4708,39.19377,0.3333,100.42821,0,39.85273
2026-01-01 16:25:00,sensor-08,0.51991,39.85273,0.39497,100.4072,0,39.41012
2026-01-01 16:30:00,sensor-08,0.33748,39.41012,0.3049,100.33904,0,37.82324
2026-01-01 16:35:00,sensor-08,0.2415,37.82324,0.24469,100.86722,0,38.30883
2026-01-01 16:40:00,sensor-08,0.4371,38.30883,0.34354,100.69186,0,39.24809
2026-01-01 16:45:00,sensor-08,0.36433,39.24809,0.34857,100.31945,0,38.23772
2026-01-01 16:50:00,sensor-08,0.21309,38.23772,0.26054,101.10825,0,38.67093
2026-01-01 16:55:00,sensor-08,0.34835,38.67093,0.27093,100.62869,0,37.4327
2026-01-01 17:00:00,sensor-08,0.32363,37.4327,0.34681,100.74189,0,36.59811
2026-01-01 17:05:00,sensor-08,0.19836,36.59811,0.28544,101.18709,0,37.36345
2026-01-01 17:10:00,sensor-08,0.21237,37.36345,0.26473,100.88809,0,38.012
2026-01-01 17:15:00,sensor-08,0.3242,38.012,0.30995,100.48205,0,37.64927
2026-01-01 17:20:00,sensor-08,0.2266,37.64927,0.24325,100.99315,0,37.89717
2026-01-01 17:25:00,sensor-08,0.2715,37.89717,0.27146,101.18286,0,36.50045
2026-01-01 17:30:00,sensor-08,0.26608,36.50045,0.28058,100.54123,0,37.66133
2026-01-01 17:35:00,sensor-08,0.24976,37.66133,0.27056,100.8318,0,38.57949
2026-01-01 17:40:00,sensor-08,0.44288,38.57949,0.39433,100.43748,0,38.62984
2026-01-01 17:45:00,sensor-08,0.36793,38.62984,0.38217,100.86582,0,39.68065
2026-01-01 17:50:00,sensor-08,0.43398,39.68065,0.3783,100.39867,0,40.78245
2026-01-01 17:55:00,sensor-08,0.43604,40.78245,0.33932,100.10587,0,39.8342
2026-01-01 18:00:00,sensor-08,0.48721,39.8342,0.41408,100.07193,0,39.51585
2026-01-01 18:05:00,sensor-08,0.52076,39.51585,0.40706,100.47165,0,38.50805
2026-01-01 18:10:00,sensor-08,0.51192,38.50805,0.42822,100.20406,0,41.04592
2026-01-01 18:15:00,sensor-08,0.7112,41.04592,0.4556,99.94088,0,40.18227
2026-01-01 18:20:00,sensor-08,0.64587,40.18227,0.49418,100.05741,0,41.24569
2026-01-01 18:25:00,sensor-08,0.62798,41.24569,0.43783,100.35955,0,41.71083
2026-01-01 18:30:00,sensor-08,0.7422,41.71083,0.43381,99.70911,0,42.92616
2026-01-01 18:35:00,sensor-08,0.87078,42.92616,0.56782,99.71046,0,41.92156
2026-01-01 18:40:00,sensor-08,0.79238,41.92156,0.53861,99.73225,0,41.23283
2026-01-01 18:45:00,sensor-08,0.64709,41.23283,0.41827,100.18574,0,42.30939
2026-01-01 18:50:00,sensor-08,0.71456,42.30939,0.45979,100.03063,0,40.97098
2026-01-01 18:55:00,sensor-08,0.8009,40.97098,0.56781,100.11754,0,43.7097
2026-01-01 19:00:00,sensor-08,0.87058,43.7097,0.46944,99.80735,0,42.15435
2026-01-01 19:05:00,sensor-08,0.79496,42.15435,0.49141,99.99307,0,41.80834
2026-01-01 19:10:00,sensor-08,0.7474,41.80834,0.50967,99.79996,0,41.97584
2026-01-01 19:15:00,sensor-08,0.86353,41.97584,0.55971,99.71049,0,42.42197
2026-01-01 19:20:00,sensor-08,0.82929,42.42197,0.54014,99.98719,0,42.17551
2026-01-01 19:25:00,sensor-08,0.82281,42.17551,0.51998,99.34068,0,42.39801
2026-01-01 19:30:00,sensor-08,0.83851,42.39801,0.52406,99.67506,0,42.48108
2026-01-01 19:35:00,sensor-08,0.72498,42.48108,0.41723,100.12029,0,40.4668
2026-01-01 19:40:00,sensor-08,0.72943,40.4668,0.43919,100.34108,0,41.05003
2026-01-01 19:45:00,sensor-08,0.64915,41.05003,0.44792,100.17766,0,42.10583
2026-01-01 19:50:00,sensor-08,0.74301,42.10583,0.49136,100.11613,0,41.37427
2026-01-01 19:55:00,sensor-08,0.61067,41.37427,0.45249,100.49913,0,40.29916
2026-01-01 20:00:00,sensor-08,0.66606,40.29916,0.41138,100.07716,0,38.66061
2026-01-01 20:05:00,sensor-08,0.48241,38.66061,0.35508,100.42995,0,40.74782
2026-01-01 20:10:00,sensor-08,0.68283,40.74782,0.50433,100.08051,0,39.88359
2026-01-01 20:15:00,sensor-08,0.46404,39.88359,0.37405,100.54079,0,40.50948
2026-01-01 20:20:00,sensor-08,0.55892,40.50948,0.34273,100.66382,0,39.58535
2026-01-01 20:25:00,sensor-08,0.4848,39.58535,0.41137,100.40574,0,38.53325
2026-01-01 20:30:00,sensor-08,0.31955,38.53325,0.34007,100.69853,0,38.02997
2026-01-01 20:35:00,sensor-08,0.26468,38.02997,0.36742,100.82277,0,37.54148
2026-01-01 20:40:00,sensor-08,0.26962,37.54148,0.23082,100.90942,0,37.54301
2026-01-01 20:45:00,sensor-08,0.26899,37.54301,0.25561,100.82574,0,37.74618
2026-01-01 20:50:00,sensor-08,0.25215,37.74618,0.23064,100.60316,0,38.97197
2026-01-01 20:55:00,sensor-08,0.30937,38.97197,0.28606,100.57893,0,37.10438
2026-01-01 21:00:00,sensor-08,0.29383,37.10438,0.34826,101.10182,0,37.28244
2026-01-01 21:05:00,sensor-08,0.25354,37.28244,0.30833,100.94433,0,37.98871
2026-01-01 21:10:00,sensor-08,0.25047,37.98871,0.23251,100.88011,0,38.79037
2026-01-01 21:15:00,sensor-08,0.30841,38.79037,0.36001,100.57223,0,37.56379
2026-01-01 21:20:00,sensor-08,0.19745,37.56379,0.27844,100.9688,0,38.12996
2026-01-01 21:25:00,sensor-08,0.32349,38.12996,0.36006,100.71834,0,38.43252
2026-01-01 21:30:00,sensor-08,0.31766,38.43252,0.30985,100.69363,0,38.86997
2026-01-01 21:35:00,sensor-08,0.33024,38.86997,0.29373,100.61978,0,37.9186
2026-01-01 21:40:00,sensor-08,0.38645,37.9186,0.28605,100.94364,0,37.53993
2026-01-01 21:45:00,sensor-08,0.33739,37.53993,0.39681,100.66252,0,38.27114
2026-01-01 21:50:00,sensor-08,0.39506,38.27114,0.41488,100.61862,0,38.41921
2026-01-01 21:55:00,sensor-08,0.46327,38.41921,0.39672,100.83884,0,39.30721
2026-01-01 22:00:00,sensor-08,0.48777,39.30721,0.39293,100.36447,0,39.31385
2026-01-01 22:05:00,sensor-08,0.52676,39.31385,0.38554,100.35689,0,39.2193
2026-01-01 22:10:00,sensor-08,0.52406,39.2193,0.37149,100.3234,0,40.22662
2026-01-01 22:15:00,sensor-08,0.50796,40.22662,0.39789,100.81683,0,40.69589
2026-01-01 22:20:00,sensor-08,0.65487,40.69589,0.44313,100.26825,0,42.42035
2026-01-01 22:25:00,sensor-08,0.73891,42.42035,0.47979,99.88972,0,42.28495
2026-01-01 22:30:00,sensor-08,0.72199,42.28495,0.48262,100.18331,0,41.51882
2026-01-01 22:35:00,sensor-08,0.70832,41.51882,0.36815,100.0505,0,41.86102
2026-01-01 22:40:00,sensor-08,0.77993,41.86102,0.541,99.48016,0,42.83009
2026-01-01 22:45:00,sensor-08,0.82335,42.83009,0.47755,99.42485,0,39.7189
2026-01-01 22:50:00,sensor-08,0.65329,39.7189,0.49441,100.1079,0,44.78885
2026-01-01 22:55:00,sensor-08,0.93352,44.78885,0.50957,99.49348,0,42.71055
2026-01-01 23:00:00,sensor-08,0.7101,42.71055,0.48213,99.94681,0,42.97599
2026-01-01 23:05:00,sensor-08,0.89462,42.97599,0.52211,99.76916,0,41.9132
2026-01-01 23:10:00,sensor-08,0.78862,41.9132,0.53733,99.87703,0,41.70063
2026-01-01 23:15:00,sensor-08,0.80765,41.70063,0.53808,99.58126,0,42.17966
2026-01-01 23:20:00,sensor-08,0.79059,42.17966,0.51547,99.84273,0,41.56018
2026-01-01 23:25:00,sensor-08,0.7989,41.56018,0.53561,99.68097,0,42.79275
2026-01-01 23:30:00,sensor-08,0.77691,42.79275,0.56101,99.87122,0,43.24945
2026-01-01 23:35:00,sensor-08,0.88778,43.24945,0.51022,99.69309,0,42.60056
2026-01-01 23:40:00,sensor-08,0.81477,42.60056,0.50297,99.79875,0,41.38351
2026-01-01 23:45:00,sensor-08,0.65291,41.38351,0.42343,100.64278,0,41.63819
2026-01-01 23:50:00,sensor-08,0.6819,41.63819,0.49307,100.27405,0,40.7739
2026-01-01 00:00:00,sensor-09,0.60107,39.86048,0.43438,100.01383,0,38.17631
2026-01-01 00:05:00,sensor-09,0.40167,38.17631,0.34649,100.59104,0,37.49512
2026-01-01 00:10:00,sensor-09,0.31853,37.49512,0.27604,100.7706,0,38.96954
2026-01-01 00:15:00,sensor-09,0.36046,38.96954,0.2411,100.6483,0,37.07731
2026-01-01 00:20:00,sensor-09,0.28996,37.07731,0.28144,100.99068,0,37.93251
2026-01-01 00:25:00,sensor-09,0.31867,37.93251,0.31892,100.67242,0,37.20135
2026-01-01 00:30:00,sensor-09,0.25211,37.20135,0.21351,100.62206,0,37.60731
2026-01-01 00:35:00,sensor-09,0.26156,37.60731,0.27625,100.88211,0,37.29817
2026-01-01 00:40:00,sensor-09,0.20697,37.29817,0.3293,100.9387,0,37.05784
2026-01-01 00:45:00,sensor-09,0.23754,37.05784,0.28215,100.93393,0,36.65499
2026-01-01 00:50:00,sensor-09,0.2688,36.65499,0.25604,100.61849,0,37.92167
2026-01-01 00:55:00,sensor-09,0.26174,37.92167,0.23644,101.05901,0,36.77331
2026-01-01 01:00:00,sensor-09,0.25883,36.77331,0.33517,100.41833,0,36.97275
2026-01-01 01:05:00,sensor-09,0.18912,36.97275,0.29615,100.92615,0,37.1902
2026-01-01 01:10:00,sensor-09,0.27469,37.1902,0.27725,100.8501,0,37.55479
2026-01-01 01:15:00,sensor-09,0.26401,37.55479,0.25868,101.22138,0,37.32647
2026-01-01 01:20:00,sensor-09,0.24708,37.32647,0.33204,100.45638,0,38.00241
2026-01-01 01:25:00,sensor-09,0.3006,38.00241,0.26945,100.57233,0,45.13859
2026-01-01 01:30:00,sensor-09,0.41878,45.13859,0.67608,100.4813,1,38.32492
2026-01-01 01:35:00,sensor-09,0.45479,38.32492,0.33902,100.48329,0,39.83681
2026-01-01 01:40:00,sensor-09,0.40137,39.83681,0.34581,100.78206,0,39.21824
2026-01-01 01:45:00,sensor-09,0.46959,39.21824,0.41582,100.63716,0,38.19531
2026-01-01 01:50:00,sensor-09,0.51184,38.19531,0.42844,100.21573,0,39.71632
2026-01-01 01:55:00,sensor-09,0.62403,39.71632,0.43783,100.40916,0,39.52296
2026-01-01 02:00:00,sensor-09,0.58219,39.52296,0.39861,100.32855,0,40.98109
2026-01-01 02:05:00,sensor-09,0.70221,40.98109,0.43931,100.14822,0,40.16629
2026-01-01 02:10:00,sensor-09,0.67345,40.16629,0.49694,100.16569,0,41.34257
2026-01-01 02:15:00,sensor-09,0.74001,41.34257,0.51991,99.98756,0,39.97741
2026-01-01 02:20:00,sensor-09,0.74622,39.97741,0.50394,100.0795,0,41.40244
2026-01-01 02:25:00,sensor-09,0.71264,41.40244,0.48198,100.03482,0,42.89746
2026-01-01 02:30:00,sensor-09,0.9414,42.89746,0.54476,99.83801,0,42.31617
2026-01-01 02:35:00,sensor-09,0.8331,42.31617,0.54092,99.83802,0,42.05727
2026-01-01 02:40:00,sensor-09,0.86993,42.05727,0.515,99.61328,0,40.25214
2026-01-01 02:45:00,sensor-09,0.70323,40.25214,0.49397,100.42488,0,42.0903
2026-01-01 02:50:00,sensor-09,0.84229,42.0903,0.58142,99.81237,0,40.55359
2026-01-01 02:55:00,sensor-09,0.8112,40.55359,0.58954,99.782,0,41.77247
2026-01-01 03:00:00,sensor-09,0.85925,41.77247,0.56337,99.68302,0,40.27944
2026-01-01 03:05:00,sensor-09,0.71562,40.27944,0.42893,99.72769,0,40.91997
2026-01-01 03:10:00,sensor-09,0.78605,40.91997,0.43849,99.6282,0,42.42134
2026-01-01 03:15:00,sensor-09,0.87328,42.42134,0.51523,99.94574,0,40.31091
2026-01-01 03:20:00,sensor-09,0.74632,40.31091,0.4601,100.0824,0,42.09724
2026-01-01 03:25:00,sensor-09,0.74913,42.09724,0.49183,99.85746,0,40.3539
2026-01-01 03:30:00,sensor-09,0.69672,40.3539,0.48838,100.24878,0,40.38166
2026-01-01 03:35:00,sensor-09,0.62669,40.38166,0.42477,99.81221,0,39.44672
2026-01-01 03:40:00,sensor-09,0.53048,39.44672,0.38471,100.53984,0,40.01204
2026-01-01 03:45:00,sensor-09,0.61176,40.01204,0.4549,100.25328,0,39.54321
2026-01-01 03:50:00,sensor-09,0.56678,39.54321,0.47636,100.33091,0,40.51003
2026-01-01 03:55:00,sensor-09,0.601,40.51003,0.3856,100.36665,0,39.04556
2026-01-01 04:00:00,sensor-09,0.5295,39.04556,0.45039,100.40717,0,37.81162
2026-01-01 04:05:00,sensor-09,0.40864,37.81162,0.3427,100.56411,0,37.59648
2026-01-01 04:10:00,sensor-09,0.36579,37.59648,0.32877,100.61248,0,37.19806
2026-01-01 04:15:00,sensor-09,0.29375,37.19806,0.30929,100.56365,0,38.89624
2026-01-01 04:20:00,sensor-09,0.38618,38.89624,0.35384,100.63183,0,37.6904
2026-01-01 04:25:00,sensor-09,0.25332,37.6904,0.31291,100.73953,0,38.28418
2026-01-01 04:30:00,sensor-09,0.39699,38.28418,0.36168,100.38632,0,38.23785
2026-01-01 04:35:00,sensor-09,0.35827,38.23785,0.36689,100.84741,0,37.71687
2026-01-01 04:40:00,sensor-09,0.26437,37.71687,0.32756,100.76693,0,35.93788
2026-01-01 04:45:00,sensor-09,0.22718,35.93788,0.31957,100.86332,0,36.23517
2026-01-01 04:50:00,sensor-09,0.23896,36.23517,0.25425,100.80106,0,37.88616
2026-01-01 04:55:00,sensor-09,0.21673,37.88616,0.23236,100.96852,0,37.0475
2026-01-01 05:00:00,sensor-09,0.35333,37.0475,0.29292,100.43799,0,36.63088
2026-01-01 05:05:00,sensor-09,0.29354,36.63088,0.2638,100.74072,0,37.33151
2026-01-01 05:10:00,sensor-09,0.23506,37.33151,0.26038,101.04535,0,39.12805
2026-01-01 05:15:00,sensor-09,0.41133,39.12805,0.3578,100.82169,0,37.02918
2026-01-01 05:20:00,sensor-09,0.30724,37.02918,0.39739,100.64533,0,38.70677
2026-01-01 05:25:00,sensor-09,0.39672,38.70677,0.38067,100.59785,0,37.96984
2026-01-01 05:30:00,sensor-09,0.36709,37.96984,0.34518,100.70054,0,39.51255
2026-01-01 05:35:00,sensor-09,0.5113,39.51255,0.44658,100.29355,0,38.92028
2026-01-01 05:40:00,sensor-09,0.44752,38.92028,0.3913,100.45935,0,37.92743
2026-01-01 05:45:00,sensor-09,0.43468,37.92743,0.35042,100.83691,0,39.85028
2026-01-01 05:50:00,sensor-09,0.53036,39.85028,0.37323,100.30297,0,40.2764
2026-01-01 05:55:00,sensor-09,0.65734,40.2764,0.42601,100.15449,0,40.61079
2026-01-01 06:00:00,sensor-09,0.69092,40.61079,0.51149,100.17437,0,41.36195
2026-01-01 06:05:00,sensor-09,0.73103,41.36195,0.58648,99.85967,0,41.42325
2026-01-01 06:10:00,sensor-09,0.72271,41.42325,0.43948,100.10705,0,40.21931
2026-01-01 06:15:00,sensor-09,0.66812,40.21931,0.49551,100.03956,0,42.22404
2026-01-01 06:20:00,sensor-09,0.83567,42.22404,0.54477,100.0561,0,41.74349
2026-01-01 06:25:00,sensor-09,0.79595,41.74349,0.50928,99.81041,0,41.17263
2026-01-01 06:30:00,sensor-09,0.77651,41.17263,0.47987,99.96786,0,41.94034
2026-01-01 06:35:00,sensor-09,0.80712,41.94034,0.57458,99.74762,0,41.47543
2026-01-01 06:40:00,sensor-09,0.74096,41.47543,0.48944,99.82768,0,43.17109
2026-01-01 06:45:00,sensor-09,0.92506,43.17109,0.54396,99.6506,0,42.14516
2026-01-01 06:50:00,sensor-09,0.94215,42.14516,0.58679,99.34372,0,41.6544
2026-01-01 06:55:00,sensor-09,0.91864,41.6544,0.53343,99.98165,0,41.72768
2026-01-01 07:00:00,sensor-09,0.85796,41.72768,0.60749,99.73543,0,42.19119
2026-01-01 07:05:00,sensor-09,0.89907,42.19119,0.51799,99.67818,0,42.93472
2026-01-01 07:10:00,sensor-09,0.97705,42.93472,0.6172,99.69608,0,40.72347
2026-01-01 07:15:00,sensor-09,0.81559,40.72347,0.51785,99.85879,0,41.26164
2026-01-01 07:20:00,sensor-09,0.69484,41.26164,0.439,99.98655,0,39.81546
2026-01-01 07:25:00,sensor-09,0.61438,39.81546,0.41624,100.25343,0,41.22868
2026-01-01 07:30:00,sensor-09,0.74729,41.22868,0.46381,100.115,0,39.78374
2026-01-01 07:35:00,sensor-09,0.60801,39.78374,0.43138,99.97098,0,40.49579
2026-01-01 07:40:00,sensor-09,0.68086,40.49579,0.46542,100.1685,0,40.38021
2026-01-01 07:45:00,sensor-09,0.57612,40.38021,0.3759,100.50131,0,40.05268
2026-01-01 07:50:00,sensor-09,0.52599,40.05268,0.38439,100.14879,0,39.17238
2026-01-01 07:55:00,sensor-09,0.51089,39.17238,0.40119,100.51397,0,38.5624
2026-01-01 08:00:00,sensor-09,0.54738,38.5624,0.42517,100.3173,0,38.89761
2026-01-01 08:05:00,sensor-09,0.38964,38.89761,0.3297,100.38062,0,39.50139
2026-01-01 08:10:00,sensor-09,0.4628,39.50139,0.3573,100.60419,0,38.56825
2026-01-01 08:15:00,sensor-09,0.36114,38.56825,0.2562,100.78439,0,37.41239
2026-01-01 08:20:00,sensor-09,0.35121,37.41239,0.32289,100.72221,0,39.77323
2026-01-01 08:25:00,sensor-09,0.40197,39.77323,0.36946,100.77229,0,37.46627
2026-01-01 08:30:00,sensor-09,0.24782,37.46627,0.19912,100.88526,0,36.76957
2026-01-01 08:35:00,sensor-09,0.1684,36.76957,0.2906,100.94316,0,37.89918
2026-01-01 08:40:00,sensor-09,0.32387,37.89918,0.37121,100.78193,0,38.57092
2026-01-01 08:45:00,sensor-09,0.37318,38.57092,0.29329,100.56083,0,36.73031
2026-01-01 08:50:00,sensor-09,0.18857,36.73031,0.27745,101.03096,0,37.25327
2026-01-01 08:55:00,sensor-09,0.30209,37.25327,0.39766,100.96608,0,38.17747
2026-01-01 09:00:00,sensor-09,0.35045,38.17747,0.40225,100.79801,0,37.54481
2026-01-01 09:05:00,sensor-09,0.22029,37.54481,0.31923,100.99499,0,36.67505
2026-01-01 09:10:00,sensor-09,0.22519,36.67505,0.37177,100.87092,0,38.14043
2026-01-01 09:15:00,sensor-09,0.37894,38.14043,0.35294,100.73195,0,37.94456
2026-01-01 09:20:00,sensor-09,0.34794,37.94456,0.41539,100.81776,0,37.63281
2026-01-01 09:25:00,sensor-09,0.40455,37.63281,0.42912,100.26362,0,39.0514
2026-01-01 09:30:00,sensor-09,0.48222,39.0514,0.36912,100.33294,0,39.58457
2026-01-01 09:35:00,sensor-09,0.46949,39.58457,0.36669,100.47185,0,38.73902
2026-01-01 09:40:00,sensor-09,0.46377,38.73902,0.37488,100.55268,0,40.54949
2026-01-01 09:45:00,sensor-09,0.55415,40.54949,0.42729,100.25357,0,38.05664
2026-01-01 09:50:00,sensor-09,0.55617,38.05664,0.44171,100.13403,0,40.67935
2026-01-01 09:55:00,sensor-09,0.55743,40.67935,0.41075,100.21288,0,40.96084
2026-01-01 10:00:00,sensor-09,0.60165,40.96084,0.3845,100.32222,0,41.91492
2026-01-01 10:05:00,sensor-09,0.68404,41.91492,0.46188,100.07382,0,39.94572
2026-01-01 10:10:00,sensor-09,0.63613,39.94572,0.41328,100.28323,0,39.65137
2026-01-01 10:15:00,sensor-09,0.69749,39.65137,0.45611,99.84001,0,41.66329
2026-01-01 10:20:00,sensor-09,0.839,41.66329,0.49341,99.75112,0,40.23607
2026-01-01 10:25:00,sensor-09,0.61635,40.23607,0.47478,100.00874,0,42.32675
2026-01-01 10:30:00,sensor-09,0.85384,42.32675,0.54568,99.64086,0,42.34366
2026-01-01 10:35:00,sensor-09,0.78643,42.34366,0.54268,100.07659,0,43.18693
2026-01-01 10:40:00,sensor-09,0.87441,43.18693,0.57583,99.73913,0,42.14822
2026-01-01 10:45:00,sensor-09,0.85847,42.14822,0.64841,99.84108,0,40.86449
2026-01-01 10:50:00,sensor-09,0.75465,40.86449,0.44661,100.12427,0,39.44178
2026-01-01 10:55:00,sensor-09,0.68902,39.44178,0.55789,100.18995,0,42.23382
2026-01-01 11:00:00,sensor-09,0.8634,42.23382,0.49399,99.98418,0,41.11661
2026-01-01 11:05:00,sensor-09,0.78432,41.11661,0.5371,99.79923,0,40.9346
2026-01-01 11:10:00,sensor-09,0.69997,40.9346,0.45377,100.15072,0,41.76869
2026-01-01 11:15:00,sensor-09,0.70225,41.76869,0.48126,99.67391,0,41.49815
2026-01-01 11:20:00,sensor-09,0.84465,41.49815,0.53491,99.73276,0,40.52257
2026-01-01 11:25:00,sensor-09,0.71794,40.52257,0.48506,100.03307,0,40.09789
2026-01-01 11:30:00,sensor-09,0.69626,40.09789,0.48176,100.16412,0,40.667
2026-01-01 11:35:00,sensor-09,0.69199,40.667,0.5132,100.07834,0,41.19553
2026-01-01 11:40:00,sensor-09,0.74839,41.19553,0.49735,100.25145,0,39.4419
2026-01-01 11:45:00,sensor-09,0.56377,39.4419,0.37985,100.0387,0,39.82947
2026-01-01 11:50:00,sensor-09,0.59195,39.82947,0.46062,100.22572,0,39.46341
2026-01-01 11:55:00,sensor-09,0.51048,39.46341,0.36971,100.56769,0,39.84033
2026-01-01 12:00:00,sensor-09,0.58862,39.84033,0.42202,100.23793,0,39.15875
2026-01-01 12:05:00,sensor-09,0.49008,39.15875,0.39538,100.06742,0,38.91978
2026-01-01 12:10:00,sensor-09,0.39057,38.91978,0.31543,101.05994,0,39.96085
2026-01-01 12:15:00,sensor-09,0.48915,39.96085,0.43092,100.27157,0,37.54406
2026-01-01 12:20:00,sensor-09,0.32305,37.54406,0.28944,100.63034,0,37.77277
2026-01-01 12:25:00,sensor-09,0.28009,37.77277,0.32272,100.56453,0,38.37862
2026-01-01 12:30:00,sensor-09,0.36484,38.37862,0.27466,100.64783,0,38.77213
2026-01-01 12:35:00,sensor-09,0.28206,38.77213,0.27011,100.74405,0,36.65523
2026-01-01 12:40:00,sensor-09,0.20598,36.65523,0.22564,100.8004,0,38.3091
2026-01-01 12:45:00,sensor-09,0.34236,38.3091,0.31766,100.76305,0,37.51167
2026-01-01 12:50:00,sensor-09,0.24309,37.51167,0.3275,100.77799,0,36.62666
2026-01-01 12:55:00,sensor-09,0.20138,36.62666,0.25352,101.01929,0,37.86905
2026-01-01 13:00:00,sensor-09,0.26033,37.86905,0.28997,100.78891,0,38.72419
2026-01-01 13:05:00,sensor-09,0.32956,38.72419,0.27483,100.73142,0,37.15062
2026-01-01 13:10:00,sensor-09,0.24193,37.15062,0.31789,100.88694,0,39.10603
2026-01-01 13:15:00,sensor-09,0.33731,39.10603,0.37429,100.54391,0,38.52623
2026-01-01 13:20:00,sensor-09,0.29046,38.52623,0.32074,100.53581,0,38.50012
2026-01-01 13:25:00,sensor-09,0.49521,38.50012,0.35907,100.54024,0,37.95374
2026-01-01 13:30:00,sensor-09,0.40173,37.95374,0.3642,100.70128,0,39.60604
2026-01-01 13:35:00,sensor-09,0.4693,39.60604,0.35222,100.70291,0,44.90706
2026-01-01 13:40:00,sensor-09,0.45765,44.90706,0.65618,100.49647,1,38.85038
2026-01-01 13:45:00,sensor-09,0.43853,38.85038,0.37579,100.91406,0,39.91576
2026-01-01 13:50:00,sensor-09,0.53915,39.91576,0.38769,99.90833,0,41.49178
2026-01-01 13:55:00,sensor-09,0.68823,41.49178,0.46574,100.24814,0,39.93211
2026-01-01 14:00:00,sensor-09,0.67224,39.93211,0.42692,100.07122,0,41.13743
2026-01-01 14:05:00,sensor-09,0.6761,41.13743,0.43524,100.28537,0,40.50413
2026-01-01 14:10:00,sensor-09,0.64276,40.50413,0.45793,99.87428,0,41.47846
2026-01-01 14:15:00,sensor-09,0.76989,41.47846,0.47384,100.30406,0,41.19914
2026-01-01 14:20:00,sensor-09,0.77002,41.19914,0.48019,99.77291,0,41.72116
2026-01-01 14:25:00,sensor-09,0.73501,41.72116,0.4687,100.12772,0,42.53085
2026-01-01 14:30:00,sensor-09,0.85459,42.53085,0.63104,99.70782,0,41.42846
2026-01-01 14:35:00,sensor-09,0.8394,41.42846,0.51538,99.8555,0,41.74192
2026-01-01 14:40:00,sensor-09,0.75071,41.74192,0.53036,99.8865,0,41.52027
2026-01-01 14:45:00,sensor-09,0.81263,41.52027,0.55858,99.80534,0,41.75486
2026-01-01 14:50:00,sensor-09,0.83973,41.75486,0.56317,99.61162,0,41.9193
2026-01-01 14:55:00,sensor-09,0.87452,41.9193,0.52147,99.96806,0,41.83759
2026-01-01 15:00:00,sensor-09,0.83145,41.83759,0.51791,99.56408,0,42.91559
2026-01-01 15:05:00,sensor-09,0.95272,42.91559,0.53087,99.46318,0,42.82975
2026-01-01 15:10:00,sensor-09,0.87695,42.82975,0.61638,99.8515,0,40.45848
2026-01-01 15:15:00,sensor-09,0.75788,40.45848,0.4905,99.6566,0,41.17956
2026-01-01 15:20:00,sensor-09,0.75252,41.17956,0.50588,99.81028,0,41.40964
2026-01-01 15:25:00,sensor-09,0.75856,41.40964,0.51937,99.99668,0,42.20914
2026-01-01 15:30:00,sensor-09,0.75633,42.20914,0.44186,100.16007,0,39.50105
2026-01-01 15:35:00,sensor-09,0.65486,39.50105,0.42901,99.93972,0,41.75153
2026-01-01 15:40:00,sensor-09,0.7417,41.75153,0.48949,99.92101,0,39.3087
2026-01-01 15:45:00,sensor-09,0.55569,39.3087,0.45937,100.24952,0,39.56752
2026-01-01 15:50:00,sensor-09,0.52758,39.56752,0.41096,100.51854,0,39.96928
2026-01-01 15:55:00,sensor-09,0.63444,39.96928,0.4643,100.45351,0,38.7773
2026-01-01 16:00:00,sensor-09,0.45736,38.7773,0.36816,100.29273,0,38.11096
2026-01-01 16:05:00,sensor-09,0.38726,38.11096,0.38664,100.47328,0,37.55396
2026-01-01 16:10:00,sensor-09,0.37013,37.55396,0.32078,100.5792,0,38.24678
2026-01-01 16:15:00,sensor-09,0.35443,38.24678,0.36287,100.60572,0,37.62647
2026-01-01 16:20:00,sensor-09,0.30664,37.62647,0.29198,100.98048,0,37.76958
2026-01-01 16:25:00,sensor-09,0.23506,37.76958,0.32057,100.936,0,37.02441
2026-01-01 16:30:00,sensor-09,0.22995,37.02441,0.28683,101.0442,0,37.6568
2026-01-01 16:35:00,sensor-09,0.27775,37.6568,0.29292,100.75789,0,37.44111
2026-01-01 16:40:00,sensor-09,0.299,37.44111,0.28316,100.35264,0,37.36499
2026-01-01 16:45:00,sensor-09,0.22432,37.36499,0.3303,101.02948,0,36.85481
2026-01-01 16:50:00,sensor-09,0.21159,36.85481,0.21469,100.94202,0,36.7369
2026-01-01 16:55:00,sensor-09,0.25245,36.7369,0.32645,100.65395,0,36.50833
2026-01-01 17:00:00,sensor-09,0.2178,36.50833,0.25332,100.69641,0,37.62623
2026-01-01 17:05:00,sensor-09,0.26936,37.62623,0.26046,100.86092,0,38.00926
2026-01-01 17:10:00,sensor-09,0.3001,38.00926,0.27952,100.78566,0,39.27276
2026-01-01 17:15:00,sensor-09,0.31577,39.27276,0.30479,100.61203,0,39.0244
2026-01-01 17:20:00,sensor-09,0.40075,39.0244,0.34069,100.82062,0,39.00599
2026-01-01 17:25:00,sensor-09,0.41257,39.00599,0.30257,100.74628,0,38.20212
2026-01-01 17:30:00,sensor-09,0.42081,38.20212,0.35851,100.39903,0,39.01688
2026-01-01 17:35:00,sensor-09,0.46957,39.01688,0.35301,100.39465,0,39.60979
2026-01-01 17:40:00,sensor-09,0.54522,39.60979,0.42266,100.46429,0,40.74472
2026-01-01 17:45:00,sensor-09,0.60112,40.74472,0.41918,100.10756,0,40.36999
2026-01-01 17:50:00,sensor-09,0.54839,40.36999,0.43102,100.14809,0,40.33754
2026-01-01 17:55:00,sensor-09,0.58798,40.33754,0.42372,100.2657,0,41.0849
2026-01-01 18:00:00,sensor-09,0.62316,41.0849,0.45555,100.39843,0,40.17032
2026-01-01 18:05:00,sensor-09,0.60904,40.17032,0.425,100.35218,0,40.01616
2026-01-01 18:10:00,sensor-09,0.6332,40.01616,0.44636,100.36884,0,41.90069
2026-01-01 18:15:00,sensor-09,0.78655,41.90069,0.52759,99.78804,0,41.61447
2026-01-01 18:20:00,sensor-09,0.788,41.61447,0.54224,99.86475,0,40.95511
2026-01-01 18:25:00,sensor-09,0.71301,40.95511,0.45175,99.86509,0,40.90658
2026-01-01 18:30:00,sensor-09,0.76362,40.90658,0.43315,99.86253,0,43.07741
2026-01-01 18:35:00,sensor-09,0.81102,43.07741,0.52757,99.54681,0,42.6873
2026-01-01 18:40:00,sensor-09,0.84998,42.6873,0.54659,99.73274,0,42.61779
2026-01-01 18:45:00,sensor-09,0.80841,42.61779,0.57959,99.81533,0,42.83906
2026-01-01 18:50:00,sensor-09,0.83222,42.83906,0.55922,99.95295,0,42.25845
2026-01-01 18:55:00,sensor-09,0.79974,42.25845,0.53698,99.83981,0,42.85143
2026-01-01 19:00:00,sensor-09,0.8856,42.85143,0.53504,99.62186,0,41.99218
2026-01-01 19:05:00,sensor-09,0.83575,41.99218,0.50025,99.81593,0,41.79636
2026-01-01 19:10:00,sensor-09,0.76493,41.79636,0.47197,100.03128,0,42.22747
2026-01-01 19:15:00,sensor-09,0.76387,42.22747,0.48967,100.11649,0,42.48457
2026-01-01 19:20:00,sensor-09,0.87076,42.48457,0.59466,99.57793,0,40.81242
2026-01-01 19:25:00,sensor-09,0.73735,40.81242,0.42697,99.88325,0,41.32875
2026-01-01 19:30:00,sensor-09,0.68331,41.32875,0.50727,100.04475,0,40.23789
2026-01-01 19:35:00,sensor-09,0.61082,40.23789,0.45205,100.40802,0,40.68023
2026-01-01 19:40:00,sensor-09,0.62539,40.68023,0.49273,100.02933,0,41.26724
2026-01-01 19:45:00,sensor-09,0.60597,41.26724,0.39535,100.149,0,40.00448
2026-01-01 19:50:00,sensor-09,0.62105,40.00448,0.42971,99.80756,0,40.99339
2026-01-01 19:55:00,sensor-09,0.57303,40.99339,0.47723,100.18047,0,39.43068
2026-01-01 20:00:00,sensor-09,0.43745,39.43068,0.41868,100.52094,0,39.5103
2026-01-01 20:05:00,sensor-09,0.43845,39.5103,0.38102,100.32101,0,39.35647
2026-01-01 20:10:00,sensor-09,0.42875,39.35647,0.34012,100.53661,0,39.21394
2026-01-01 20:15:00,sensor-09,0.41045,39.21394,0.3784,100.69658,0,38.66815
2026-01-01 20:20:00,sensor-09,0.33102,38.66815,0.37419,101.19389,0,38.29683
2026-01-01 20:25:00,sensor-09,0.32893,38.29683,0.31509,100.54927,0,37.08764
2026-01-01 20:30:00,sensor-09,0.30648,37.08764,0.34368,100.53423,0,36.6645
2026-01-01 20:35:00,sensor-09,0.24455,36.6645,0.19281,100.63143,0,38.4445
2026-01-01 20:40:00,sensor-09,0.29565,38.4445,0.2832,101.02558,0,35.94617
2026-01-01 20:45:00,sensor-09,0.22435,35.94617,0.30533,101.04809,0,38.01078
2026-01-01 20:50:00,sensor-09,0.26073,38.01078,0.30263,100.9566,0,34.88781
2026-01-01 20:55:00,sensor-09,0.14162,34.88781,0.19985,101.26101,0,38.08998
2026-01-01 21:00:00,sensor-09,0.24736,38.08998,0.32714,100.6162,0,37.56964
2026-01-01 21:05:00,sensor-09,0.20605,37.56964,0.28436,100.90237,0,38.56242
2026-01-01 21:10:00,sensor-09,0.3428,38.56242,0.31368,100.45588,0,37.57604
2026-01-01 21:15:00,sensor-09,0.28741,37.57604,0.27702,100.5917,0,38.2692
2026-01-01 21:20:00,sensor-09,0.31647,38.2692,0.34532,100.98903,0,40.12115
2026-01-01 21:25:00,sensor-09,0.48539,40.12115,0.40551,100.51619,0,36.62813
2026-01-01 21:30:00,sensor-09,0.29559,36.62813,0.31454,100.90645,0,38.81807
2026-01-01 21:35:00,sensor-09,0.47494,38.81807,0.42793,100.45341,0,39.71577
2026-01-01 21:40:00,sensor-09,0.46385,39.71577,0.36176,100.32627,0,39.83585
2026-01-01 21:45:00,sensor-09,0.566,39.83585,0.44736,100.28293,0,39.46484
2026-01-01 21:50:00,sensor-09,0.45128,39.46484,0.32674,100.26418,0,40.18407
2026-01-01 21:55:00,sensor-09,0.60318,40.18407,0.47429,100.26275,0,41.29588
2026-01-01 22:00:00,sensor-09,0.62007,41.29588,0.4208,100.06437,0,42.34634
2026-01-01 22:05:00,sensor-09,0.74432,42.34634,0.51111,99.95673,0,39.7652
2026-01-01 22:10:00,sensor-09,0.63477,39.7652,0.40179,100.09856,0,41.45389
2026-01-01 22:15:00,sensor-09,0.74099,41.45389,0.46817,100.0034,0,41.14287
2026-01-01 22:20:00,sensor-09,0.77244,41.14287,0.55952,100.08153,0,42.17044
2026-01-01 22:25:00,sensor-09,0.81639,42.17044,0.53613,99.78053,0,41.93742
2026-01-01 22:30:00,sensor-09,0.74731,41.93742,0.52463,99.93669,0,42.50283
2026-01-01 22:35:00,sensor-09,0.84093,42.50283,0.58516,99.81518,0,43.48638
2026-01-01 22:40:00,sensor-09,0.85255,43.48638,0.54144,99.93835,0,42.22647
2026-01-01 22:45:00,sensor-09,0.82638,42.22647,0.52564,99.67173,0,42.15527
2026-01-01 22:50:00,sensor-09,0.84042,42.15527,0.55611,99.89118,0,42.67823
2026-01-01 22:55:00,sensor-09,0.87665,42.67823,0.53324,99.74034,0,43.14352
2026-01-01 23:00:00,sensor-09,0.93645,43.14352,0.58978,99.47033,0,43.54444
2026-01-01 23:05:00,sensor-09,0.92179,43.54444,0.56448,99.62285,0,43.377
2026-01-01 23:10:00,sensor-09,0.94255,43.377,0.5487,99.73709,0,42.21131
2026-01-01 23:15:00,sensor-09,0.8543,42.21131,0.55834,99.83819,0,41.61539
2026-01-01 23:20:00,sensor-09,0.73175,41.61539,0.44416,100.05492,0,41.40737
2026-01-01 23:25:00,sensor-09,0.73691,41.40737,0.46236,99.94843,0,42.55199
2026-01-01 23:30:00,sensor-09,0.75156,42.55199,0.48373,99.98562,0,40.79376
2026-01-01 23:35:00,sensor-09,0.67549,40.79376,0.47801,99.8757,0,41.83004
2026-01-01 23:40:00,sensor-09,0.71024,41.83004,0.4307,100.24735,0,40.37531
2026-01-01 23:45:00,sensor-09,0.59146,40.37531,0.45216,100.39337,0,39.69507
2026-01-01 23:50:00,sensor-09,0.4609,39.69507,0.33492,100.53087,0,38.68687
2026-01-01 00:00:00,sensor-10,0.19815,36.79027,0.24995,101.11913,0,37.28532
2026-01-01 00:05:00,sensor-10,0.2694,37.28532,0.31455,100.78867,0,37.99882
2026-01-01 00:10:00,sensor-10,0.37407,37.99882,0.34797,100.20079,0,38.2176
2026-01-01 00:15:00,sensor-10,0.40923,38.2176,0.39712,100.64665,0,37.88524
2026-01-01 00:20:00,sensor-10,0.34693,37.88524,0.31324,100.50254,0,37.62588
2026-01-01 00:25:00,sensor-10,0.33763,37.62588,0.31232,100.7721,0,38.37812
2026-01-01 00:30:00,sensor-10,0.33837,38.37812,0.35397,100.81589,0,39.2328
2026-01-01 00:35:00,sensor-10,0.39432,39.2328,0.36084,100.4785,0,39.40385
2026-01-01 00:40:00,sensor-10,0.54395,39.40385,0.40826,100.19711,0,37.79541
2026-01-01 00:45:00,sensor-10,0.4037,37.79541,0.34983,100.44572,0,37.78503
2026-01-01 00:50:00,sensor-10,0.47878,37.78503,0.36315,100.35392,0,38.84285
2026-01-01 00:55:00,sensor-10,0.45464,38.84285,0.35799,100.46637,0,41.54596
2026-01-01 01:00:00,sensor-10,0.73402,41.54596,0.48333,100.01271,0,38.55441
2026-01-01 01:05:00,sensor-10,0.59241,38.55441,0.43495,100.37235,0,41.56219
2026-01-01 01:10:00,sensor-10,0.73835,41.56219,0.51981,99.92964,0,41.33224
2026-01-01 01:15:00,sensor-10,0.74518,41.33224,0.54322,99.94695,0,41.54715
2026-01-01 01:20:00,sensor-10,0.80861,41.54715,0.52013,99.91046,0,41.49614
2026-01-01 01:25:00,sensor-10,0.80187,41.49614,0.50033,99.68017,0,41.99617
2026-01-01 01:30:00,sensor-10,0.76305,41.99617,0.44622,100.4431,0,41.63251
2026-01-01 01:35:00,sensor-10,0.90054,41.63251,0.5697,99.78363,0,42.92527
2026-01-01 01:40:00,sensor-10,0.845,42.92527,0.6229,99.6645,0,41.53813
2026-01-01 01:45:00,sensor-10,0.773,41.53813,0.50191,100.01497,0,43.16143
2026-01-01 01:50:00,sensor-10,1.0,43.16143,0.59359,99.83469,0,41.18272
2026-01-01 01:55:00,sensor-10,0.88125,41.18272,0.5436,99.34579,0,43.50526
2026-01-01 02:00:00,sensor-10,0.94854,43.50526,0.6225,99.53213,0,39.99609
2026-01-01 02:05:00,sensor-10,0.73622,39.99609,0.50412,99.96468,0,41.68817
2026-01-01 02:10:00,sensor-10,0.86806,41.68817,0.48062,100.05116,0,41.12705
2026-01-01 02:15:00,sensor-10,0.84754,41.12705,0.54467,99.82889,0,41.84141
2026-01-01 02:20:00,sensor-10,0.85638,41.84141,0.5344,99.71759,0,41.47629
2026-01-01 02:25:00,sensor-10,0.82642,41.47629,0.5578,100.20272,0,40.50458
2026-01-01 02:30:00,sensor-10,0.70272,40.50458,0.48779,99.92893,0,40.95153
2026-01-01 02:35:00,sensor-10,0.58955,40.95153,0.44863,100.22546,0,39.35224
2026-01-01 02:40:00,sensor-10,0.62392,39.35224,0.45746,100.16329,0,40.36796
2026-01-01 02:45:00,sensor-10,0.64564,40.36796,0.49033,100.02738,0,46.83392
2026-01-01 02:50:00,sensor-10,0.53039,46.83392,0.73084,100.19667,1,38.69434
2026-01-01 02:55:00,sensor-10,0.42693,38.69434,0.40745,100.54049,0,39.67093
2026-01-01 03:00:00,sensor-10,0.54412,39.67093,0.44061,100.36496,0,36.55251
2026-01-01 03:05:00,sensor-10,0.32209,36.55251,0.28378,100.57143,0,38.79831
2026-01-01 03:10:00,sensor-10,0.4162,38.79831,0.34123,100.36062,0,38.93976
2026-01-01 03:15:00,sensor-10,0.4327,38.93976,0.35417,100.50375,0,36.65386
2026-01-01 03:20:00,sensor-10,0.19995,36.65386,0.3301,100.87961,0,37.23329
2026-01-01 03:25:00,sensor-10,0.26414,37.23329,0.28236,100.54486,0,38.22996
2026-01-01 03:30:00,sensor-10,0.41203,38.22996,0.36796,100.75346,0,36.97446
2026-01-01 03:35:00,sensor-10,0.23743,36.97446,0.30456,100.91923,0,37.66435
2026-01-01 03:40:00,sensor-10,0.24946,37.66435,0.30717,100.85926,0,37.84434
2026-01-01 03:45:00,sensor-10,0.24189,37.84434,0.28599,100.93063,0,35.63239
2026-01-01 03:50:00,sensor-10,0.21731,35.63239,0.28044,100.83806,0,36.69477
2026-01-01 03:55:00,sensor-10,0.18946,36.69477,0.26312,101.21722,0,37.29425
2026-01-01 04:00:00,sensor-10,0.23573,37.29425,0.2456,100.94815,0,36.93901
2026-01-01 04:05:00,sensor-10,0.21805,36.93901,0.2738,100.85757,0,38.83621
2026-01-01 04:10:00,sensor-10,0.27048,38.83621,0.32154,100.81408,0,38.0081
2026-01-01 04:15:00,sensor-10,0.3306,38.0081,0.3488,100.82778,0,38.95739
2026-01-01 04:20:00,sensor-10,0.4219,38.95739,0.35849,100.33659,0,38.33816
2026-01-01 04:25:00,sensor-10,0.42851,38.33816,0.30497,100.29272,0,37.73468
2026-01-01 04:30:00,sensor-10,0.32716,37.73468,0.30678,100.43853,0,39.38987
2026-01-01 04:35:00,sensor-10,0.43814,39.38987,0.37041,100.65865,0,37.81541
2026-01-01 04:40:00,sensor-10,0.41649,37.81541,0.3695,100.56823,0,38.19525
2026-01-01 04:45:00,sensor-10,0.55369,38.19525,0.41654,100.47715,0,38.73726
2026-01-01 04:50:00,sensor-10,0.55839,38.73726,0.3869,100.13099,0,40.26261
2026-01-01 04:55:00,sensor-10,0.5667,40.26261,0.43,100.63991,0,39.79792
2026-01-01 05:00:00,sensor-10,0.59733,39.79792,0.41335,100.07351,0,40.60617
2026-01-01 05:05:00,sensor-10,0.65912,40.60617,0.46528,99.82938,0,41.06263
2026-01-01 05:10:00,sensor-10,0.78046,41.06263,0.54516,99.87605,0,41.32983
2026-01-01 05:15:00,sensor-10,0.87593,41.32983,0.54428,99.55977,0,39.81365
2026-01-01 05:20:00,sensor-10,0.61788,39.81365,0.43743,100.31778,0,40.79918
2026-01-01 05:25:00,sensor-10,0.77217,40.79918,0.51123,99.89325,0,41.05479
2026-01-01 05:30:00,sensor-10,0.81901,41.05479,0.56123,100.07425,0,40.76577
2026-01-01 05:35:00,sensor-10,0.74493,40.76577,0.46375,100.33697,0,40.83076
2026-01-01 05:40:00,sensor-10,0.76824,40.83076,0.51477,99.9474,0,42.86418
2026-01-01 05:45:00,sensor-10,0.87658,42.86418,0.5609,99.76232,0,42.09978
2026-01-01 05:50:00,sensor-10,0.8444,42.09978,0.54954,99.68935,0,41.51361
2026-01-01 05:55:00,sensor-10,0.84681,41.51361,0.56801,99.5926,0,40.40329
2026-01-01 06:00:00,sensor-10,0.81664,40.40329,0.54867,99.771,0,41.56243
2026-01-01 06:05:00,sensor-10,0.88625,41.56243,0.51393,99.76692,0,40.81227
2026-01-01 06:10:00,sensor-10,0.71676,40.81227,0.50053,100.03399,0,41.61992
2026-01-01 06:15:00,sensor-10,0.78054,41.61992,0.48055,99.79437,0,40.39354
2026-01-01 06:20:00,sensor-10,0.7826,40.39354,0.50489,100.16251,0,41.0969
2026-01-01 06:25:00,sensor-10,0.74345,41.0969,0.52481,99.8187,0,41.18171
2026-01-01 06:30:00,sensor-10,0.78154,41.18171,0.49127,99.97742,0,39.83214
2026-01-01 06:35:00,sensor-10,0.68428,39.83214,0.47291,99.98474,0,39.84526
2026-01-01 06:40:00,sensor-10,0.62171,39.84526,0.44039,99.75421,0,39.83507
2026-01-01 06:45:00,sensor-10,0.58298,39.83507,0.40333,100.35158,0,39.2874
2026-01-01 06:50:00,sensor-10,0.58765,39.2874,0.46606,100.67662,0,38.58678
2026-01-01 06:55:00,sensor-10,0.4827,38.58678,0.39552,100.58592,0,39.30269
2026-01-01 07:00:00,sensor-10,0.46361,39.30269,0.36493,100.10514,0,37.80224
2026-01-01 07:05:00,sensor-10,0.40642,37.80224,0.31164,100.52171,0,38.0246
2026-01-01 07:10:00,sensor-10,0.41181,38.0246,0.37378,100.56506,0,38.12564
2026-01-01 07:15:00,sensor-10,0.34199,38.12564,0.36472,100.43829,0,37.43
2026-01-01 07:20:00,sensor-10,0.27384,37.43,0.25272,101.07362,0,37.94026
2026-01-01 07:25:00,sensor-10,0.30099,37.94026,0.31914,100.67192,0,38.4823
2026-01-01 07:30:00,sensor-10,0.31143,38.4823,0.29078,100.57735,0,37.34377
2026-01-01 07:35:00,sensor-10,0.28976,37.34377,0.31575,100.77733,0,36.59376
2026-01-01 07:40:00,sensor-10,0.20979,36.59376,0.29302,101.15398,0,36.1138
2026-01-01 07:45:00,sensor-10,0.30178,36.1138,0.36245,100.58407,0,37.58488
2026-01-01 07:50:00,sensor-10,0.30252,37.58488,0.35315,100.803,0,36.90003
2026-01-01 07:55:00,sensor-10,0.24668,36.90003,0.2831,101.06961,0,37.22618
2026-01-01 08:00:00,sensor-10,0.26413,37.22618,0.26394,101.04675,0,36.92267
2026-01-01 08:05:00,sensor-10,0.20179,36.92267,0.26924,101.4194,0,37.27076
2026-01-01 08:10:00,sensor-10,0.24316,37.27076,0.21542,100.89454,0,36.98666
2026-01-01 08:15:00,sensor-10,0.22624,36.98666,0.30429,100.60361,0,37.76837
2026-01-01 08:20:00,sensor-10,0.35535,37.76837,0.33225,100.77164,0,38.99593
2026-01-01 08:25:00,sensor-10,0.44357,38.99593,0.40561,100.43434,0,37.65617
2026-01-01 08:30:00,sensor-10,0.28685,37.65617,0.26231,100.65748,0,38.09675
2026-01-01 08:35:00,sensor-10,0.42166,38.09675,0.36838,100.59845,0,38.12297
2026-01-01 08:40:00,sensor-10,0.50093,38.12297,0.35773,100.50326,0,39.77717
2026-01-01 08:45:00,sensor-10,0.51485,39.77717,0.43572,100.32956,0,38.27669
2026-01-01 08:50:00,sensor-10,0.46792,38.27669,0.38393,100.34582,0,39.29745
2026-01-01 08:55:00,sensor-10,0.5751,39.29745,0.42247,100.4984,0,39.80399
2026-01-01 09:00:00,sensor-10,0.63333,39.80399,0.48369,100.27204,0,39.48489
2026-01-01 09:05:00,sensor-10,0.60092,39.48489,0.50063,100.10699,0,39.38116
2026-01-01 09:10:00,sensor-10,0.65169,39.38116,0.36515,100.20217,0,40.2454
2026-01-01 09:15:00,sensor-10,0.65436,40.2454,0.44932,99.87218,0,41.32352
2026-01-01 09:20:00,sensor-10,0.78792,41.32352,0.53991,99.9467,0,42.12948
2026-01-01 09:25:00,sensor-10,0.84167,42.12948,0.47096,99.62037,0,41.90873
2026-01-01 09:30:00,sensor-10,0.81623,41.90873,0.48058,99.82981,0,41.55211
2026-01-01 09:35:00,sensor-10,0.91661,41.55211,0.54916,99.52688,0,41.11303
2026-01-01 09:40:00,sensor-10,0.83563,41.11303,0.5404,99.68223,0,41.05903
2026-01-01 09:45:00,sensor-10,0.84665,41.05903,0.50666,99.81649,0,41.32462
2026-01-01 09:50:00,sensor-10,0.81659,41.32462,0.5648,100.14929,0,41.41926
2026-01-01 09:55:00,sensor-10,0.78167,41.41926,0.49545,100.06232,0,42.10636
2026-01-01 10:00:00,sensor-10,0.87109,42.10636,0.53159,99.73961,0,42.66235
2026-01-01 10:05:00,sensor-10,0.93558,42.66235,0.59072,99.71195,0,41.27838
2026-01-01 10:10:00,sensor-10,0.77782,41.27838,0.53635,100.07817,0,41.006
2026-01-01 10:15:00,sensor-10,0.84339,41.006,0.50186,99.74505,0,41.50249
2026-01-01 10:20:00,sensor-10,0.82113,41.50249,0.57784,99.97739,0,40.85752
2026-01-01 10:25:00,sensor-10,0.79603,40.85752,0.5052,99.89065,0,40.57653
2026-01-01 10:30:00,sensor-10,0.7364,40.57653,0.49152,100.0494,0,39.90159
2026-01-01 10:35:00,sensor-10,0.64916,39.90159,0.43474,100.43492,0,40.68792
2026-01-01 10:40:00,sensor-10,0.66943,40.68792,0.43102,100.27542,0,39.27498
2026-01-01 10:45:00,sensor-10,0.59791,39.27498,0.4058,100.15459,0,40.08529
2026-01-01 10:50:00,sensor-10,0.66509,40.08529,0.41114,100.12739,0,38.20429
2026-01-01 10:55:00,sensor-10,0.49188,38.20429,0.30358,100.23893,0,39.82292
2026-01-01 11:00:00,sensor-10,0.54392,39.82292,0.34606,100.14483,0,38.01601
2026-01-01 11:05:00,sensor-10,0.41201,38.01601,0.35275,100.29377,0,39.0872
2026-01-01 11:10:00,sensor-10,0.4818,39.0872,0.37647,100.29974,0,37.45968
2026-01-01 11:15:00,sensor-10,0.32678,37.45968,0.34421,100.65591,0,37.91179
2026-01-01 11:20:00,sensor-10,0.36341,37.91179,0.35967,101.01834,0,36.255
2026-01-01 11:25:00,sensor-10,0.28148,36.255,0.333,100.86393,0,37.86392
2026-01-01 11:30:00,sensor-10,0.31987,37.86392,0.28004,100.80791,0,37.8114
2026-01-01 11:35:00,sensor-10,0.30473,37.8114,0.26165,100.28432,0,37.31272
2026-01-01 11:40:00,sensor-10,0.23059,37.31272,0.33577,100.61528,0,37.3976
2026-01-01 11:45:00,sensor-10,0.42541,37.3976,0.31733,100.93872,0,35.7644
2026-01-01 11:50:00,sensor-10,0.22957,35.7644,0.258,100.86751,0,34.22704
2026-01-01 11:55:00,sensor-10,0.10347,34.22704,0.21243,101.18612,0,37.6276
2026-01-01 12:00:00,sensor-10,0.2841,37.6276,0.28445,100.74227,0,38.0406
2026-01-01 12:05:00,sensor-10,0.29959,38.0406,0.32033,100.75329,0,37.89341
2026-01-01 12:10:00,sensor-10,0.24755,37.89341,0.32292,101.05134,0,35.96148
2026-01-01 12:15:00,sensor-10,0.20312,35.96148,0.31209,101.32599,0,38.59624
2026-01-01 12:20:00,sensor-10,0.38375,38.59624,0.33239,100.66293,0,37.81104
2026-01-01 12:25:00,sensor-10,0.33514,37.81104,0.32777,101.1453,0,39.19529
2026-01-01 12:30:00,sensor-10,0.44455,39.19529,0.33726,100.58428,0,38.27928
2026-01-01 12:35:00,sensor-10,0.40044,38.27928,0.42374,100.63265,0,39.00224
2026-01-01 12:40:00,sensor-10,0.4827,39.00224,0.41227,100.46822,0,40.21447
2026-01-01 12:45:00,sensor-10,0.51457,40.21447,0.40589,100.2097,0,39.76587
2026-01-01 12:50:00,sensor-10,0.4693,39.76587,0.37514,100.37624,0,39.43747
2026-01-01 12:55:00,sensor-10,0.52694,39.43747,0.43009,100.43842,0,41.88132
2026-01-01 13:00:00,sensor-10,0.69759,41.88132,0.42781,100.29435,0,40.5771
2026-01-01 13:05:00,sensor-10,0.71889,40.5771,0.4824,100.08909,0,39.36079
2026-01-01 13:10:00,sensor-10,0.64522,39.36079,0.36977,100.26365,0,40.6516
2026-01-01 13:15:00,sensor-10,0.70913,40.6516,0.48537,100.0173,0,41.19361
2026-01-01 13:20:00,sensor-10,0.68265,41.19361,0.44178,100.3167,0,40.31457
2026-01-01 13:25:00,sensor-10,0.63303,40.31457,0.48908,100.05224,0,41.06021
2026-01-01 13:30:00,sensor-10,0.79298,41.06021,0.57416,99.65614,0,47.89207
2026-01-01 13:35:00,sensor-10,0.8214,47.89207,0.81052,100.03247,1,41.88422
2026-01-01 13:40:00,sensor-10,0.84552,41.88422,0.51724,99.6269,0,41.295
2026-01-01 13:45:00,sensor-10,0.84258,41.295,0.54318,99.75658,0,42.1591
2026-01-01 13:50:00,sensor-10,0.9093,42.1591,0.55704,99.43948,0,41.82046
2026-01-01 13:55:00,sensor-10,0.82795,41.82046,0.54824,99.78361,0,40.09965
2026-01-01 14:00:00,sensor-10,0.75832,40.09965,0.49684,100.01442,0,41.56391
2026-01-01 14:05:00,sensor-10,0.82041,41.56391,0.51678,99.67801,0,42.07878
2026-01-01 14:10:00,sensor-10,0.82278,42.07878,0.51877,99.48115,0,42.40777
2026-01-01 14:15:00,sensor-10,0.80962,42.40777,0.51707,99.75172,0,40.56487
2026-01-01 14:20:00,sensor-10,0.71392,40.56487,0.5137,99.92291,0,42.24177
2026-01-01 14:25:00,sensor-10,0.90154,42.24177,0.52664,99.62065,0,40.72919
2026-01-01 14:30:00,sensor-10,0.65429,40.72919,0.44549,100.19938,0,38.813
2026-01-01 14:35:00,sensor-10,0.47716,38.813,0.40189,100.29946,0,40.82297
2026-01-01 14:40:00,sensor-10,0.73094,40.82297,0.4477,100.0883,0,38.09174
2026-01-01 14:45:00,sensor-10,0.48787,38.09174,0.35866,100.32915,0,39.52947
2026-01-01 14:50:00,sensor-10,0.503,39.52947,0.44306,100.22808,0,39.80214
2026-01-01 14:55:00,sensor-10,0.50685,39.80214,0.38374,100.6304,0,38.61242
2026-01-01 15:00:00,sensor-10,0.44773,38.61242,0.39352,100.5391,0,38.5932
2026-01-01 15:05:00,sensor-10,0.41937,38.5932,0.25996,100.3776,0,37.73014
2026-01-01 15:10:00,sensor-10,0.43512,37.73014,0.29732,100.3647,0,37.15963
2026-01-01 15:15:00,sensor-10,0.29543,37.15963,0.2864,100.72338,0,36.22687
2026-01-01 15:20:00,sensor-10,0.28231,36.22687,0.33715,101.05871,0,37.59522
2026-01-01 15:25:00,sensor-10,0.33483,37.59522,0.31575,100.6669,0,38.09225
2026-01-01 15:30:00,sensor-10,0.36843,38.09225,0.34064,100.67877,0,36.98149
2026-01-01 15:35:00,sensor-10,0.14016,36.98149,0.20903,100.95158,0,37.51534
2026-01-01 15:40:00,sensor-10,0.27319,37.51534,0.27389,100.79808,0,37.11093
2026-01-01 15:45:00,sensor-10,0.24675,37.11093,0.27373,100.69523,0,38.39969
2026-01-01 15:50:00,sensor-10,0.34799,38.39969,0.3786,100.84029,0,36.93453
2026-01-01 15:55:00,sensor-10,0.2945,36.93453,0.28214,100.66377,0,37.74464
2026-01-01 16:00:00,sensor-10,0.3261,37.74464,0.33476,100.8148,0,36.31293
2026-01-01 16:05:00,sensor-10,0.23341,36.31293,0.25484,100.86626,0,37.58592
2026-01-01 16:10:00,sensor-10,0.25789,37.58592,0.31834,100.75291,0,36.96909
2026-01-01 16:15:00,sensor-10,0.30033,36.96909,0.27715,100.45433,0,36.6338
2026-01-01 16:20:00,sensor-10,0.28118,36.6338,0.30349,100.63108,0,39.02105
2026-01-01 16:25:00,sensor-10,0.37478,39.02105,0.35041,100.66633,0,37.91908
2026-01-01 16:30:00,sensor-10,0.39498,37.91908,0.34368,100.80934,0,38.82206
2026-01-01 16:35:00,sensor-10,0.43559,38.82206,0.35923,100.32515,0,38.39726
2026-01-01 16:40:00,sensor-10,0.53054,38.39726,0.42966,100.48271,0,39.4447
2026-01-01 16:45:00,sensor-10,0.47494,39.4447,0.38274,99.98564,0,39.20082
2026-01-01 16:50:00,sensor-10,0.50883,39.20082,0.43324,100.3451,0,39.64735
2026-01-01 16:55:00,sensor-10,0.52157,39.64735,0.34702,100.41879,0,40.59043
2026-01-01 17:00:00,sensor-10,0.64873,40.59043,0.40021,100.19284,0,40.57061
2026-01-01 17:05:00,sensor-10,0.72931,40.57061,0.49568,99.87739,0,40.57678
2026-01-01 17:10:00,sensor-10,0.72463,40.57678,0.43529,99.90824,0,41.36437
2026-01-01 17:15:00,sensor-10,0.78186,41.36437,0.47676,100.17551,0,40.41353
2026-01-01 17:20:00,sensor-10,0.6685,40.41353,0.50516,100.65281,0,41.38177
2026-01-01 17:25:00,sensor-10,0.84648,41.38177,0.56827,99.54969,0,39.65909
2026-01-01 17:30:00,sensor-10,0.68556,39.65909,0.4735,100.44675,0,43.4284
2026-01-01 17:35:00,sensor-10,1.0,43.4284,0.63209,99.19635,0,42.04759
2026-01-01 17:40:00,sensor-10,0.90793,42.04759,0.57135,99.6692,0,41.39606
2026-01-01 17:45:00,sensor-10,0.86165,41.39606,0.54025,99.54911,0,41.59118
2026-01-01 17:50:00,sensor-10,0.79143,41.59118,0.48211,99.76904,0,44.16115
2026-01-01 17:55:00,sensor-10,1.0,44.16115,0.59935,99.55012,0,41.33881
2026-01-01 18:00:00,sensor-10,0.81937,41.33881,0.50485,99.76039,0,42.10681
2026-01-01 18:05:00,sensor-10,0.79825,42.10681,0.554,99.76981,0,42.1417
2026-01-01 18:10:00,sensor-10,0.87278,42.1417,0.55439,99.49953,0,41.7314
2026-01-01 18:15:00,sensor-10,0.83414,41.7314,0.50462,99.76363,0,40.0908
2026-01-01 18:20:00,sensor-10,0.76399,40.0908,0.52128,100.0921,0,41.56304
2026-01-01 18:25:00,sensor-10,0.80668,41.56304,0.48547,100.09107,0,41.08019
2026-01-01 18:30:00,sensor-10,0.71885,41.08019,0.48522,99.86015,0,40.00575
2026-01-01 18:35:00,sensor-10,0.6905,40.00575,0.43854,99.90549,0,40.87851
2026-01-01 18:40:00,sensor-10,0.65421,40.87851,0.46715,100.21129,0,38.86379
2026-01-01 18:45:00,sensor-10,0.58909,38.86379,0.38381,100.68408,0,39.94296
2026-01-01 18:50:00,sensor-10,0.45801,39.94296,0.39849,100.42826,0,39.05328
2026-01-01 18:55:00,sensor-10,0.52611,39.05328,0.37537,100.41734,0,39.06711
2026-01-01 19:00:00,sensor-10,0.48398,39.06711,0.37274,100.31309,0,38.30938
2026-01-01 19:05:00,sensor-10,0.50313,38.30938,0.42686,100.34097,0,38.41926
2026-01-01 19:10:00,sensor-10,0.39257,38.41926,0.39086,100.52493,0,37.19444
2026-01-01 19:15:00,sensor-10,0.34598,37.19444,0.3914,100.55567,0,37.61223
2026-01-01 19:20:00,sensor-10,0.32271,37.61223,0.38791,100.85199,0,39.13474
2026-01-01 19:25:00,sensor-10,0.37085,39.13474,0.35222,100.81183,0,37.69989
2026-01-01 19:30:00,sensor-10,0.28069,37.69989,0.29195,100.46689,0,37.50668
2026-01-01 19:35:00,sensor-10,0.34844,37.50668,0.28572,100.65014,0,38.13907
2026-01-01 19:40:00,sensor-10,0.32874,38.13907,0.28751,100.83858,0,36.00793
2026-01-01 19:45:00,sensor-10,0.28212,36.00793,0.28992,100.70435,0,37.17627
2026-01-01 19:50:00,sensor-10,0.23251,37.17627,0.32248,101.40612,0,36.67637
2026-01-01 19:55:00,sensor-10,0.25815,36.67637,0.29588,101.18252,0,36.67018
2026-01-01 20:00:00,sensor-10,0.25097,36.67018,0.28924,101.1023,0,37.38622
2026-01-01 20:05:00,sensor-10,0.31595,37.38622,0.24626,100.69454,0,37.03563
2026-01-01 20:10:00,sensor-10,0.29228,37.03563,0.32603,100.43933,0,36.32154
2026-01-01 20:15:00,sensor-10,0.29263,36.32154,0.3026,100.45849,0,39.29776
2026-01-01 20:20:00,sensor-10,0.38664,39.29776,0.35793,100.62258,0,36.4273
2026-01-01 20:25:00,sensor-10,0.32365,36.4273,0.30285,100.52491,0,37.69038
2026-01-01 20:30:00,sensor-10,0.38177,37.69038,0.27048,100.67225,0,38.26476
2026-01-01 20:35:00,sensor-10,0.54699,38.26476,0.41484,100.39474,0,40.15334
2026-01-01 20:40:00,sensor-10,0.61469,40.15334,0.5008,100.12873,0,38.56496
2026-01-01 20:45:00,sensor-10,0.51833,38.56496,0.44989,100.61648,0,40.22679
2026-01-01 20:50:00,sensor-10,0.53412,40.22679,0.37957,100.12207,0,39.70163
2026-01-01 20:55:00,sensor-10,0.59972,39.70163,0.34995,100.19082,0,40.69531
2026-01-01 21:00:00,sensor-10,0.64625,40.69531,0.42867,99.96174,0,39.85182
2026-01-01 21:05:00,sensor-10,0.58124,39.85182,0.40096,100.0463,0,40.51488
2026-01-01 21:10:00,sensor-10,0.69567,40.51488,0.57091,100.04857,0,39.44219
2026-01-01 21:15:00,sensor-10,0.67284,39.44219,0.51998,100.28826,0,40.39457
2026-01-01 21:20:00,sensor-10,0.6504,40.39457,0.4383,100.19847,0,40.0541
2026-01-01 21:25:00,sensor-10,0.73202,40.0541,0.52517,99.77574,0,42.01991
2026-01-01 21:30:00,sensor-10,0.86657,42.01991,0.58518,99.60047,0,40.98156
2026-01-01 21:35:00,sensor-10,0.80464,40.98156,0.56671,99.96082,0,42.2688
2026-01-01 21:40:00,sensor-10,0.86638,42.2688,0.53941,99.7553,0,41.86087
2026-01-01 21:45:00,sensor-10,0.89023,41.86087,0.49473,99.64097,0,41.55958
2026-01-01 21:50:00,sensor-10,0.83525,41.55958,0.5373,99.8549,0,41.14317
2026-01-01 21:55:00,sensor-10,0.82674,41.14317,0.54603,99.87558,0,41.23826
2026-01-01 22:00:00,sensor-10,0.78648,41.23826,0.52986,100.16984,0,39.97827
2026-01-01 22:05:00,sensor-10,0.77165,39.97827,0.47715,99.81988,0,42.01564
2026-01-01 22:10:00,sensor-10,0.82798,42.01564,0.48752,99.72133,0,40.99773
2026-01-01 22:15:00,sensor-10,0.7539,40.99773,0.51926,99.99817,0,40.39242
2026-01-01 22:20:00,sensor-10,0.72435,40.39242,0.51087,99.76626,0,39.7802
2026-01-01 22:25:00,sensor-10,0.62766,39.7802,0.53347,100.0919,0,40.142
2026-01-01 22:30:00,sensor-10,0.67209,40.142,0.45351,100.07259,0,40.77678
2026-01-01 22:35:00,sensor-10,0.68393,40.77678,0.48922,100.0464,0,40.48174
2026-01-01 22:40:00,sensor-10,0.63129,40.48174,0.44163,100.07075,0,39.46385
2026-01-01 22:45:00,sensor-10,0.51234,39.46385,0.40868,100.50647,0,39.52572
2026-01-01 22:50:00,sensor-10,0.60919,39.52572,0.45377,100.08029,0,40.0008
2026-01-01 22:55:00,sensor-10,0.56024,40.0008,0.39272,100.24891,0,39.99418
2026-01-01 23:00:00,sensor-10,0.57212,39.99418,0.43611,100.2431,0,39.03081
2026-01-01 23:05:00,sensor-10,0.43097,39.03081,0.38306,100.45057,0,37.19707
2026-01-01 23:10:00,sensor-10,0.30072,37.19707,0.3285,100.73379,0,37.56249
2026-01-01 23:15:00,sensor-10,0.37103,37.56249,0.32951,100.32958,0,38.51285
2026-01-01 23:20:00,sensor-10,0.40062,38.51285,0.38196,100.76579,0,36.58202
2026-01-01 23:25:00,sensor-10,0.32572,36.58202,0.2993,100.41721,0,37.35634
2026-01-01 23:30:00,sensor-10,0.26651,37.35634,0.29319,100.40604,0,37.55542
2026-01-01 23:35:00,sensor-10,0.36378,37.55542,0.33429,100.51883,0,37.7947
2026-01-01 23:40:00,sensor-10,0.27612,37.7947,0.30476,100.83819,0,36.3781
2026-01-01 23:45:00,sensor-10,0.16884,36.3781,0.25734,100.69955,0,35.51923
2026-01-01 23:50:00,sensor-10,0.21715,35.51923,0.21221,100.70125,0,36.6204
2026-01-01 00:00:00,sensor-11,0.69819,39.96656,0.46936,100.05393,0,39.77061
2026-01-01 00:05:00,sensor-11,0.59854,39.77061,0.46003,100.24358,0,40.20879
2026-01-01 00:10:00,sensor-11,0.73848,40.20879,0.51994,100.31735,0,41.03086
2026-01-01 00:15:00,sensor-11,0.75531,41.03086,0.5309,99.92936,0,40.92159
2026-01-01 00:20:00,sensor-11,0.77463,40.92159,0.55349,99.97113,0,40.36107
2026-01-01 00:25:00,sensor-11,0.7783,40.36107,0.48768,99.77817,0,41.39781
2026-01-01 00:30:00,sensor-11,0.84922,41.39781,0.55645,100.2049,0,41.59536
2026-01-01 00:35:00,sensor-11,0.81666,41.59536,0.57754,99.72493,0,41.95194
2026-01-01 00:40:00,sensor-11,0.76278,41.95194,0.4825,99.70133,0,40.9106
2026-01-01 00:45:00,sensor-11,0.82156,40.9106,0.4727,99.56351,0,42.08624
2026-01-01 00:50:00,sensor-11,0.81595,42.08624,0.55995,99.86663,0,42.25262
2026-01-01 00:55:00,sensor-11,0.87236,42.25262,0.58498,99.79017,0,41.41706
2026-01-01 01:00:00,sensor-11,0.75404,41.41706,0.50757,99.70687,0,41.87214
2026-01-01 01:05:00,sensor-11,0.81677,41.87214,0.51081,99.62601,0,40.61952
2026-01-01 01:10:00,sensor-11,0.62162,40.61952,0.41239,100.16874,0,41.21842
2026-01-01 01:15:00,sensor-11,0.76275,41.21842,0.50461,99.84897,0,40.90157
2026-01-01 01:20:00,sensor-11,0.77831,40.90157,0.53724,99.95052,0,40.35714
2026-01-01 01:25:00,sensor-11,0.67903,40.35714,0.51575,100.1362,0,40.3321
2026-01-01 01:30:00,sensor-11,0.6616,40.3321,0.50162,100.21004,0,39.54819
2026-01-01 01:35:00,sensor-11,0.54287,39.54819,0.36997,100.29944,0,39.85159
2026-01-01 01:40:00,sensor-11,0.5916,39.85159,0.50048,100.08413,0,39.10927
2026-01-01 01:45:00,sensor-11,0.55889,39.10927,0.39824,100.53487,0,39.62167
2026-01-01 01:50:00,sensor-11,0.47976,39.62167,0.35562,100.13784,0,38.86683
2026-01-01 01:55:00,sensor-11,0.43779,38.86683,0.32239,100.49293,0,39.81328
2026-01-01 02:00:00,sensor-11,0.52579,39.81328,0.42069,100.60046,0,36.91324
2026-01-01 02:05:00,sensor-11,0.28617,36.91324,0.3166,101.21017,0,39.24968
2026-01-01 02:10:00,sensor-11,0.49171,39.24968,0.42237,100.43484,0,37.30344
2026-01-01 02:15:00,sensor-11,0.3004,37.30344,0.24996,100.63496,0,38.35571
2026-01-01 02:20:00,sensor-11,0.34365,38.35571,0.3509,100.76714,0,36.43759
2026-01-01 02:25:00,sensor-11,0.17177,36.43759,0.23997,101.00449,0,36.66059
2026-01-01 02:30:00,sensor-11,0.30228,36.66059,0.30633,101.11427,0,36.65539
2026-01-01 02:35:00,sensor-11,0.31862,36.65539,0.29066,100.47425,0,36.4992
2026-01-01 02:40:00,sensor-11,0.26332,36.4992,0.23485,100.93995,0,38.29197
2026-01-01 02:45:00,sensor-11,0.30653,38.29197,0.2487,100.97859,0,36.91224
2026-01-01 02:50:00,sensor-11,0.27577,36.91224,0.25873,100.47238,0,36.51302
2026-01-01 02:55:00,sensor-11,0.22776,36.51302,0.22175,100.67685,0,44.25119
2026-01-01 03:00:00,sensor-11,0.22431,44.25119,0.6439,101.00543,1,37.47868
2026-01-01 03:05:00,sensor-11,0.30991,37.47868,0.32809,100.90902,0,36.63247
2026-01-01 03:10:00,sensor-11,0.22729,36.63247,0.22448,100.92806,0,37.877
2026-01-01 03:15:00,sensor-11,0.34357,37.877,0.4326,101.02074,0,38.23305
2026-01-01 03:20:00,sensor-11,0.41103,38.23305,0.34334,100.81475,0,37.92211
2026-01-01 03:25:00,sensor-11,0.48678,37.92211,0.41341,100.37012,0,38.82279
2026-01-01 03:30:00,sensor-11,0.44401,38.82279,0.32347,100.67976,0,38.03187
2026-01-01 03:35:00,sensor-11,0.38665,38.03187,0.39518,100.80658,0,39.99645
2026-01-01 03:40:00,sensor-11,0.54065,39.99645,0.43316,100.26616,0,39.16773
2026-01-01 03:45:00,sensor-11,0.52144,39.16773,0.36113,100.55481,0,39.37955
2026-01-01 03:50:00,sensor-11,0.55114,39.37955,0.4211,100.44094,0,41.62511
2026-01-01 03:55:00,sensor-11,0.71634,41.62511,0.49515,100.22212,0,40.75033
2026-01-01 04:00:00,sensor-11,0.71402,40.75033,0.52626,100.08707,0,40.13198
2026-01-01 04:05:00,sensor-11,0.66031,40.13198,0.43958,100.10089,0,40.28627
2026-01-01 04:10:00,sensor-11,0.70537,40.28627,0.45937,100.18452,0,41.76749
2026-01-01 04:15:00,sensor-11,0.749,41.76749,0.46344,100.16967,0,41.16119
2026-01-01 04:20:00,sensor-11,0.81229,41.16119,0.48852,100.03519,0,41.72426
2026-01-01 04:25:00,sensor-11,0.87202,41.72426,0.6146,99.4824,0,43.11166
2026-01-01 04:30:00,sensor-11,1.0,43.11166,0.67518,99.26421,0,41.34524
2026-01-01 04:35:00,sensor-11,0.80022,41.34524,0.61433,99.78773,0,41.61843
2026-01-01 04:40:00,sensor-11,0.85801,41.61843,0.50677,99.66931,0,40.52747
2026-01-01 04:45:00,sensor-11,0.69858,40.52747,0.48447,99.91186,0,42.70189
2026-01-01 04:50:00,sensor-11,0.96481,42.70189,0.48359,99.42813,0,40.9674
2026-01-01 04:55:00,sensor-11,0.80268,40.9674,0.5252,99.65837,0,40.45386
2026-01-01 05:00:00,sensor-11,0.81753,40.45386,0.52053,99.75886,0,42.21064
2026-01-01 05:05:00,sensor-11,0.87875,42.21064,0.56055,99.9863,0,42.93998
2026-01-01 05:10:00,sensor-11,0.82715,42.93998,0.52336,99.87323,0,42.56301
2026-01-01 05:15:00,sensor-11,0.82031,42.56301,0.51773,99.53096,0,39.25264
2026-01-01 05:20:00,sensor-11,0.60532,39.25264,0.46591,100.20214,0,40.65767
2026-01-01 05:25:00,sensor-11,0.78383,40.65767,0.5246,100.02632,0,39.28415
2026-01-01 05:30:00,sensor-11,0.63381,39.28415,0.47658,100.3353,0,39.50012
2026-01-01 05:35:00,sensor-11,0.57802,39.50012,0.471,100.2007,0,40.22656
2026-01-01 05:40:00,sensor-11,0.6081,40.22656,0.43394,100.02914,0,39.61687
2026-01-01 05:45:00,sensor-11,0.56662,39.61687,0.37742,100.12067,0,37.87866
2026-01-01 05:50:00,sensor-11,0.46732,37.87866,0.38239,100.66642,0,38.25313
2026-01-01 05:55:00,sensor-11,0.4159,38.25313,0.37283,100.60539,0,36.85697
2026-01-01 06:00:00,sensor-11,0.34783,36.85697,0.32982,100.47255,0,38.45757
2026-01-01 06:05:00,sensor-11,0.34982,38.45757,0.36328,100.46401,0,37.90849
2026-01-01 06:10:00,sensor-11,0.40933,37.90849,0.33382,100.65305,0,37.54827
2026-01-01 06:15:00,sensor-11,0.34714,37.54827,0.34258,100.67075,0,37.21529
2026-01-01 06:20:00,sensor-11,0.36705,37.21529,0.339,100.76521,0,37.68944
2026-01-01 06:25:00,sensor-11,0.28014,37.68944,0.30046,101.05361,0,37.42306
2026-01-01 06:30:00,sensor-11,0.29758,37.42306,0.29334,100.8474,0,37.57756
2026-01-01 06:35:00,sensor-11,0.26624,37.57756,0.33811,100.79549,0,35.42712
2026-01-01 06:40:00,sensor-11,0.1682,35.42712,0.23979,100.90178,0,36.16916
2026-01-01 06:45:00,sensor-11,0.24886,36.16916,0.24681,100.79195,0,38.37898
2026-01-01 06:50:00,sensor-11,0.31155,38.37898,0.32149,100.86652,0,37.83217
2026-01-01 06:55:00,sensor-11,0.22214,37.83217,0.27221,100.92538,0,37.76414
2026-01-01 07:00:00,sensor-11,0.31324,37.76414,0.35735,100.59575,0,39.37498
2026-01-01 07:05:00,sensor-11,0.52229,39.37498,0.37351,100.25307,0,37.86693
2026-01-01 07:10:00,sensor-11,0.31332,37.86693,0.31527,100.68847,0,38.81724
2026-01-01 07:15:00,sensor-11,0.43354,38.81724,0.40789,100.18473,0,36.25504
2026-01-01 07:20:00,sensor-11,0.28247,36.25504,0.29739,100.95029,0,38.30135
2026-01-01 07:25:00,sensor-11,0.34308,38.30135,0.35682,100.4454,0,38.86567
2026-01-01 07:30:00,sensor-11,0.44769,38.86567,0.38389,100.47291,0,37.55287
2026-01-01 07:35:00,sensor-11,0.49306,37.55287,0.37743,100.36581,0,39.654
2026-01-01 07:40:00,sensor-11,0.5436,39.654,0.42654,100.00965,0,39.1045
2026-01-01 07:45:00,sensor-11,0.46556,39.1045,0.3719,100.54694,0,39.83587
2026-01-01 07:50:00,sensor-11,0.66612,39.83587,0.42927,100.01249,0,39.7422
2026-01-01 07:55:00,sensor-11,0.67139,39.7422,0.53604,100.19101,0,41.5702
2026-01-01 08:00:00,sensor-11,0.76836,41.5702,0.47124,99.94063,0,41.50679
2026-01-01 08:05:00,sensor-11,0.8042,41.50679,0.54331,99.91789,0,40.87878
2026-01-01 08:10:00,sensor-11,0.83251,40.87878,0.48291,99.69466,0,39.87715
2026-01-01 08:15:00,sensor-11,0.74704,39.87715,0.47022,99.6894,0,40.44591
2026-01-01 08:20:00,sensor-11,0.7399,40.44591,0.53448,100.02561,0,42.03688
2026-01-01 08:25:00,sensor-11,0.89806,42.03688,0.56032,99.95897,0,42.21683
2026-01-01 08:30:00,sensor-11,0.88185,42.21683,0.52573,99.78696,0,42.41526
2026-01-01 08:35:00,sensor-11,0.97262,42.41526,0.54533,99.33181,0,41.31723
2026-01-01 08:40:00,sensor-11,0.83048,41.31723,0.53835,99.99782,0,40.81799
2026-01-01 08:45:00,sensor-11,0.80451,40.81799,0.53189,99.45633,0,41.88855
2026-01-01 08:50:00,sensor-11,0.8198,41.88855,0.54717,99.85009,0,41.44104
2026-01-01 08:55:00,sensor-11,0.85776,41.44104,0.55647,100.05486,0,41.30987
2026-01-01 09:00:00,sensor-11,0.83611,41.30987,0.52984,99.93328,0,40.99532
2026-01-01 09:05:00,sensor-11,0.77234,40.99532,0.50195,100.03559,0,40.11717
2026-01-01 09:10:00,sensor-11,0.6985,40.11717,0.46182,100.00633,0,40.60383
2026-01-01 09:15:00,sensor-11,0.74691,40.60383,0.50742,99.86004,0,40.03581
2026-01-01 09:20:00,sensor-11,0.70444,40.03581,0.45192,99.96902,0,41.3139
2026-01-01 09:25:00,sensor-11,0.79104,41.3139,0.4971,100.05435,0,39.95289
2026-01-01 09:30:00,sensor-11,0.70306,39.95289,0.50058,99.68598,0,39.68953
2026-01-01 09:35:00,sensor-11,0.58255,39.68953,0.36765,100.35251,0,39.84994
2026-01-01 09:40:00,sensor-11,0.62054,39.84994,0.51919,100.16367,0,38.65297
2026-01-01 09:45:00,sensor-11,0.53554,38.65297,0.42719,100.15104,0,39.20487
2026-01-01 09:50:00,sensor-11,0.53521,39.20487,0.35751,100.32834,0,37.96781
2026-01-01 09:55:00,sensor-11,0.4127,37.96781,0.38296,100.76504,0,37.39635
2026-01-01 10:00:00,sensor-11,0.3901,37.39635,0.35601,100.6048,0,38.59671
2026-01-01 10:05:00,sensor-11,0.39716,38.59671,0.37458,100.37208,0,37.58021
2026-01-01 10:10:00,sensor-11,0.46878,37.58021,0.33213,100.41241,0,36.55064
2026-01-01 10:15:00,sensor-11,0.2437,36.55064,0.27644,100.80256,0,35.85905
2026-01-01 10:20:00,sensor-11,0.21712,35.85905,0.32333,100.6416,0,36.85295
2026-01-01 10:25:00,sensor-11,0.2586,36.85295,0.31465,101.00786,0,37.74941
2026-01-01 10:30:00,sensor-11,0.24207,37.74941,0.29139,101.2275,0,37.47852
2026-01-01 10:35:00,sensor-11,0.37458,37.47852,0.27414,100.85266,0,36.46545
2026-01-01 10:40:00,sensor-11,0.28515,36.46545,0.30525,100.93333,0,36.24372
2026-01-01 10:45:00,sensor-11,0.2006,36.24372,0.305,100.7315,0,35.67913
2026-01-01 10:50:00,sensor-11,0.25678,35.67913,0.30003,100.62975,0,36.88408
2026-01-01 10:55:00,sensor-11,0.23875,36.88408,0.27266,100.85879,0,37.61378
2026-01-01 11:00:00,sensor-11,0.22024,37.61378,0.31031,101.00558,0,37.34647
2026-01-01 11:05:00,sensor-11,0.41788,37.34647,0.36672,100.28626,0,36.10809
2026-01-01 11:10:00,sensor-11,0.16702,36.10809,0.19912,101.22454,0,38.4745
2026-01-01 11:15:00,sensor-11,0.4201,38.4745,0.34506,100.33508,0,37.29858
2026-01-01 11:20:00,sensor-11,0.27026,37.29858,0.29246,100.53974,0,39.20507
2026-01-01 11:25:00,sensor-11,0.48764,39.20507,0.33436,100.33888,0,39.32552
2026-01-01 11:30:00,sensor-11,0.56901,39.32552,0.43178,100.39987,0,38.1834
2026-01-01 11:35:00,sensor-11,0.4462,38.1834,0.36546,100.5167,0,39.83872
2026-01-01 11:40:00,sensor-11,0.56123,39.83872,0.41234,99.9865,0,40.13924
2026-01-01 11:45:00,sensor-11,0.58479,40.13924,0.43193,100.34214,0,39.41211
2026-01-01 11:50:00,sensor-11,0.64851,39.41211,0.49845,99.87445,0,41.34213
2026-01-01 11:55:00,sensor-11,0.69102,41.34213,0.44892,100.31945,0,39.69424
2026-01-01 12:00:00,sensor-11,0.61258,39.69424,0.46809,100.2894,0,40.27082
2026-01-01 12:05:00,sensor-11,0.73941,40.27082,0.52912,99.86979,0,40.29985
2026-01-01 12:10:00,sensor-11,0.64373,40.29985,0.50195,99.73217,0,40.46058
2026-01-01 12:15:00,sensor-11,0.74491,40.46058,0.45169,99.54508,0,42.20859
2026-01-01 12:20:00,sensor-11,0.84506,42.20859,0.54981,99.98736,0,41.41725
2026-01-01 12:25:00,sensor-11,0.80216,41.41725,0.46643,99.74183,0,40.51297
2026-01-01 12:30:00,sensor-11,0.84721,40.51297,0.50141,99.61236,0,41.27378
2026-01-01 12:35:00,sensor-11,0.79349,41.27378,0.47366,99.85688,0,42.33806
2026-01-01 12:40:00,sensor-11,0.87853,42.33806,0.5183,99.53889,0,42.0205
2026-01-01 12:45:00,sensor-11,0.86225,42.0205,0.58354,99.75223,0,42.13141
2026-01-01 12:50:00,sensor-11,0.86123,42.13141,0.4973,99.85075,0,41.96369
2026-01-01 12:55:00,sensor-11,0.84099,41.96369,0.52119,99.68148,0,42.44991
2026-01-01 13:00:00,sensor-11,0.90474,42.44991,0.57314,99.65666,0,41.04623
2026-01-01 13:05:00,sensor-11,0.87048,41.04623,0.58034,99.85438,0,41.241
2026-01-01 13:10:00,sensor-11,0.8749,41.241,0.51887,99.63322,0,40.83952
2026-01-01 13:15:00,sensor-11,0.72434,40.83952,0.54525,99.83143,0,40.32704
2026-01-01 13:20:00,sensor-11,0.66923,40.32704,0.47051,100.16268,0,41.04476
2026-01-01 13:25:00,sensor-11,0.74001,41.04476,0.48732,99.87451,0,44.32875
2026-01-01 13:30:00,sensor-11,0.53437,44.32875,0.79464,100.43822,1,38.34848
2026-01-01 13:35:00,sensor-11,0.56374,38.34848,0.4225,100.45864,0,39.95329
2026-01-01 13:40:00,sensor-11,0.56141,39.95329,0.43444,100.28133,0,36.95719
2026-01-01 13:45:00,sensor-11,0.42434,36.95719,0.34698,100.7489,0,38.39235
2026-01-01 13:50:00,sensor-11,0.55356,38.39235,0.3406,100.15297,0,39.04436
2026-01-01 13:55:00,sensor-11,0.48122,39.04436,0.31871,100.29518,0,38.08729
2026-01-01 14:00:00,sensor-11,0.40506,38.08729,0.39083,100.50575,0,38.22062
2026-01-01 14:05:00,sensor-11,0.44145,38.22062,0.40327,100.27001,0,38.17046
2026-01-01 14:10:00,sensor-11,0.46591,38.17046,0.34753,100.57864,0,38.22829
2026-01-01 14:15:00,sensor-11,0.38434,38.22829,0.36228,100.34116,0,37.06637
2026-01-01 14:20:00,sensor-11,0.35556,37.06637,0.30185,100.79211,0,36.01965
2026-01-01 14:25:00,sensor-11,0.18,36.01965,0.23355,100.89701,0,36.78253
2026-01-01 14:30:00,sensor-11,0.24,36.78253,0.23983,100.69882,0,36.90592
2026-01-01 14:35:00,sensor-11,0.29246,36.90592,0.26361,100.96783,0,37.33325
2026-01-01 14:40:00,sensor-11,0.28637,37.33325,0.3193,100.68922,0,37.50494
2026-01-01 14:45:00,sensor-11,0.35697,37.50494,0.31872,100.60198,0,46.29862
2026-01-01 14:50:00,sensor-11,0.29085,46.29862,0.67682,100.82219,1,37.14617
2026-01-01 14:55:00,sensor-11,0.29668,37.14617,0.31038,100.94844,0,37.91085
2026-01-01 15:00:00,sensor-11,0.38937,37.91085,0.3212,100.79919,0,36.04364
2026-01-01 15:05:00,sensor-11,0.14717,36.04364,0.2111,100.93415,0,37.59232
2026-01-01 15:10:00,sensor-11,0.32629,37.59232,0.37131,100.98582,0,38.1048
2026-01-01 15:15:00,sensor-11,0.40657,38.1048,0.35728,100.63951,0,39.11145
2026-01-01 15:20:00,sensor-11,0.44505,39.11145,0.36119,100.67399,0,38.22682
2026-01-01 15:25:00,sensor-11,0.41906,38.22682,0.35546,100.52805,0,38.2355
2026-01-01 15:30:00,sensor-11,0.39016,38.2355,0.34438,100.77934,0,37.97426
2026-01-01 15:35:00,sensor-11,0.43142,37.97426,0.36046,100.42475,0,38.38385
2026-01-01 15:40:00,sensor-11,0.44224,38.38385,0.34012,100.96876,0,39.18557
2026-01-01 15:45:00,sensor-11,0.59711,39.18557,0.44176,100.02961,0,39.84797
2026-01-01 15:50:00,sensor-11,0.65905,39.84797,0.48025,100.04261,0,40.10656
2026-01-01 15:55:00,sensor-11,0.73481,40.10656,0.51715,100.2034,0,39.99069
2026-01-01 16:00:00,sensor-11,0.72493,39.99069,0.49341,100.00916,0,40.40722
2026-01-01 16:05:00,sensor-11,0.67401,40.40722,0.45321,100.16797,0,39.65172
2026-01-01 16:10:00,sensor-11,0.62467,39.65172,0.41998,100.06575,0,39.82064
2026-01-01 16:15:00,sensor-11,0.68137,39.82064,0.55208,100.18631,0,41.18119
2026-01-01 16:20:00,sensor-11,0.77229,41.18119,0.55687,99.61347,0,40.50964
2026-01-01 16:25:00,sensor-11,0.77942,40.50964,0.55762,100.03544,0,42.32557
2026-01-01 16:30:00,sensor-11,0.8818,42.32557,0.55288,99.50406,0,40.71277
2026-01-01 16:35:00,sensor-11,0.81264,40.71277,0.48003,99.94995,0,41.08927
2026-01-01 16:40:00,sensor-11,0.87017,41.08927,0.55814,99.31576,0,41.37308
2026-01-01 16:45:00,sensor-11,0.85643,41.37308,0.58778,99.68785,0,42.11745
2026-01-01 16:50:00,sensor-11,0.82135,42.11745,0.52688,99.85802,0,41.62996
2026-01-01 16:55:00,sensor-11,0.90083,41.62996,0.55322,99.76708,0,40.8188
2026-01-01 17:00:00,sensor-11,0.77377,40.8188,0.50559,99.85959,0,40.61169
2026-01-01 17:05:00,sensor-11,0.83059,40.61169,0.48317,99.82662,0,40.18346
2026-01-01 17:10:00,sensor-11,0.75386,40.18346,0.56139,99.74977,0,40.17791
2026-01-01 17:15:00,sensor-11,0.74215,40.17791,0.44306,100.22135,0,40.99134
2026-01-01 17:20:00,sensor-11,0.81039,40.99134,0.52087,99.86253,0,40.10897
2026-01-01 17:25:00,sensor-11,0.64106,40.10897,0.48938,99.97669,0,41.05796
2026-01-01 17:30:00,sensor-11,0.65482,41.05796,0.44332,100.02856,0,39.56609
2026-01-01 17:35:00,sensor-11,0.60601,39.56609,0.44541,100.11455,0,38.35741
2026-01-01 17:40:00,sensor-11,0.39521,38.35741,0.43938,100.43652,0,37.74027
2026-01-01 17:45:00,sensor-11,0.43561,37.74027,0.39953,100.20864,0,39.92917
2026-01-01 17:50:00,sensor-11,0.59204,39.92917,0.50844,100.08536,0,38.21795
2026-01-01 17:55:00,sensor-11,0.49546,38.21795,0.40361,100.5737,0,39.38828
2026-01-01 18:00:00,sensor-11,0.55523,39.38828,0.38046,100.55233,0,38.22071
2026-01-01 18:05:00,sensor-11,0.37818,38.22071,0.32866,100.54773,0,37.91306
2026-01-01 18:10:00,sensor-11,0.35265,37.91306,0.29405,100.62317,0,37.39213
2026-01-01 18:15:00,sensor-11,0.25332,37.39213,0.28687,100.75257,0,36.34922
2026-01-01 18:20:00,sensor-11,0.2443,36.34922,0.31606,100.91662,0,36.43795
2026-01-01 18:25:00,sensor-11,0.19819,36.43795,0.27941,100.99441,0,35.22968
2026-01-01 18:30:00,sensor-11,0.14975,35.22968,0.25109,101.32817,0,37.22532
2026-01-01 18:35:00,sensor-11,0.35887,37.22532,0.36094,100.80904,0,37.33827
2026-01-01 18:40:00,sensor-11,0.27877,37.33827,0.27059,100.62088,0,36.58753
2026-01-01 18:45:00,sensor-11,0.27081,36.58753,0.32658,101.01132,0,36.38206
2026-01-01 18:50:00,sensor-11,0.2747,36.38206,0.3016,100.90141,0,37.56143
2026-01-01 18:55:00,sensor-11,0.31811,37.56143,0.33537,100.786,0,36.0871
2026-01-01 19:00:00,sensor-11,0.24403,36.0871,0.31205,100.91942,0,37.01635
2026-01-01 19:05:00,sensor-11,0.27519,37.01635,0.28707,101.00906,0,37.23816
2026-01-01 19:10:00,sensor-11,0.28351,37.23816,0.31281,100.91517,0,37.13693
2026-01-01 19:15:00,sensor-11,0.30095,37.13693,0.2669,100.63699,0,37.10113
2026-01-01 19:20:00,sensor-11,0.31073,37.10113,0.29868,100.64654,0,36.45441
2026-01-01 19:25:00,sensor-11,0.28935,36.45441,0.26375,100.71243,0,38.50068
2026-01-01 19:30:00,sensor-11,0.41899,38.50068,0.3595,100.53034,0,38.78264
2026-01-01 19:35:00,sensor-11,0.50042,38.78264,0.39452,100.54954,0,39.12101
2026-01-01 19:40:00,sensor-11,0.58548,39.12101,0.46176,100.09636,0,39.57187
2026-01-01 19:45:00,sensor-11,0.59259,39.57187,0.43006,100.0724,0,39.3036
2026-01-01 19:50:00,sensor-11,0.58196,39.3036,0.41981,100.12771,0,39.76972
2026-01-01 19:55:00,sensor-11,0.5776,39.76972,0.42634,100.31828,0,41.69173
2026-01-01 20:00:00,sensor-11,0.79544,41.69173,0.52719,99.72608,0,40.6278
2026-01-01 20:05:00,sensor-11,0.72109,40.6278,0.46458,100.00905,0,41.49752
2026-01-01 20:10:00,sensor-11,0.77157,41.49752,0.48866,99.70027,0,40.60544
2026-01-01 20:15:00,sensor-11,0.80125,40.60544,0.57151,99.86348,0,40.50918
2026-01-01 20:20:00,sensor-11,0.7491,40.50918,0.41837,99.90957,0,40.61349
2026-01-01 20:25:00,sensor-11,0.83731,40.61349,0.54729,99.62842,0,40.48898
2026-01-01 20:30:00,sensor-11,0.82566,40.48898,0.45605,99.90717,0,40.73132
2026-01-01 20:35:00,sensor-11,0.72819,40.73132,0.47888,99.89551,0,40.52958
2026-01-01 20:40:00,sensor-11,0.76114,40.52958,0.51836,99.93064,0,42.18071
2026-01-01 20:45:00,sensor-11,0.85605,42.18071,0.57145,99.78803,0,40.25817
2026-01-01 20:50:00,sensor-11,0.74692,40.25817,0.42792,99.70044,0,40.99086
2026-01-01 20:55:00,sensor-11,0.85534,40.99086,0.47384,99.83665,0,41.03284
2026-01-01 21:00:00,sensor-11,0.82853,41.03284,0.54261,99.73183,0,41.23466
2026-01-01 21:05:00,sensor-11,0.80293,41.23466,0.55261,100.09118,0,41.2262
2026-01-01 21:10:00,sensor-11,0.7893,41.2262,0.49644,99.92259,0,40.94045
2026-01-01 21:15:00,sensor-11,0.71059,40.94045,0.53227,99.88756,0,40.38446
2026-01-01 21:20:00,sensor-11,0.6463,40.38446,0.43573,100.10741,0,38.893
2026-01-01 21:25:00,sensor-11,0.68269,38.893,0.46113,100.08202,0,40.2668
2026-01-01 21:30:00,sensor-11,0.71444,40.2668,0.48298,99.79916,0,40.35582
2026-01-01 21:35:00,sensor-11,0.67771,40.35582,0.44602,100.01407,0,39.64994
2026-01-01 21:40:00,sensor-11,0.58547,39.64994,0.4167,100.69707,0,38.2303
2026-01-01 21:45:00,sensor-11,0.54248,38.2303,0.43595,100.35203,0,39.58146
2026-01-01 21:50:00,sensor-11,0.52022,39.58146,0.40851,100.44268,0,38.7578
2026-01-01 21:55:00,sensor-11,0.48053,38.7578,0.34751,100.49566,0,37.31005
2026-01-01 22:00:00,sensor-11,0.32694,37.31005,0.36525,100.47981,0,37.5221
2026-01-01 22:05:00,sensor-11,0.33204,37.5221,0.31147,100.49201,0,37.04964
2026-01-01 22:10:00,sensor-11,0.35933,37.04964,0.34575,100.82094,0,36.47678
2026-01-01 22:15:00,sensor-11,0.2418,36.47678,0.27268,100.44808,0,36.0808
2026-01-01 22:20:00,sensor-11,0.23206,36.0808,0.27938,100.91163,0,36.78375
2026-01-01 22:25:00,sensor-11,0.27308,36.78375,0.24396,100.9086,0,36.62116
2026-01-01 22:30:00,sensor-11,0.27562,36.62116,0.27863,100.81752,0,36.02269
2026-01-01 22:35:00,sensor-11,0.31305,36.02269,0.31894,100.75057,0,36.13853
2026-01-01 22:40:00,sensor-11,0.21626,36.13853,0.23719,100.72807,0,36.97813
2026-01-01 22:45:00,sensor-11,0.26207,36.97813,0.36464,100.78916,0,36.90267
2026-01-01 22:50:00,sensor-11,0.18119,36.90267,0.25004,100.93709,0,37.11564
2026-01-01 22:55:00,sensor-11,0.31426,37.11564,0.33705,100.41474,0,37.48725
2026-01-01 23:00:00,sensor-11,0.25333,37.48725,0.31985,101.04271,0,35.60745
2026-01-01 23:05:00,sensor-11,0.23286,35.60745,0.23854,100.86751,0,38.97438
2026-01-01 23:10:00,sensor-11,0.44659,38.97438,0.37321,100.4475,0,36.8171
2026-01-01 23:15:00,sensor-11,0.29447,36.8171,0.30323,100.80076,0,36.41917
2026-01-01 23:20:00,sensor-11,0.3716,36.41917,0.32267,100.61491,0,38.95341
2026-01-01 23:25:00,sensor-11,0.49571,38.95341,0.3853,100.30493,0,37.08961
2026-01-01 23:30:00,sensor-11,0.35446,37.08961,0.37009,100.48455,0,46.63351
2026-01-01 23:35:00,sensor-11,0.51044,46.63351,0.80854,100.30965,1,39.60688
2026-01-01 23:40:00,sensor-11,0.59213,39.60688,0.45746,100.515,0,39.53659
2026-01-01 23:45:00,sensor-11,0.5044,39.53659,0.46461,100.45938,0,40.58624
2026-01-01 23:50:00,sensor-11,0.69221,40.58624,0.51995,100.04808,0,40.62087
